Nom,Heure,Fréquence,Action
\Microsoft\Windows\input\InputSettingsRestoreDataAvailable,00:00,Les données de planification ne sont pas disponibles dans ce format.,Gestionnaire COM
\Microsoft\Windows\Management\Autopilot\DetectHardwareChange,00:00,Les données de planification ne sont pas disponibles dans ce format.,Gestionnaire COM
\Microsoft\Windows\Management\Autopilot\DetectHardwareChange,00:00,Les données de planification ne sont pas disponibles dans ce format.,Gestionnaire COM
\Microsoft\Windows\Management\Autopilot\RemediateHardwareChange,00:00,Les données de planification ne sont pas disponibles dans ce format.,Gestionnaire COM
\Microsoft\Windows\Management\Provisioning\Cellular,00:00,Les données de planification ne sont pas disponibles dans ce format.,%windir%\system32\ProvTool.exe /turn 7 /source CellStateChangeTask
\Microsoft\Windows\Management\Provisioning\MdmDiagnosticsCleanup,00:00,Les données de planification ne sont pas disponibles dans ce format.,%windir%\system32\MdmDiagnosticsTool.exe /clean
\Microsoft\Windows\Management\Provisioning\Retry,00:00,Les données de planification ne sont pas disponibles dans ce format.,%windir%\system32\ProvTool.exe /turn 5 /source ProvRetryTask
\Microsoft\Windows\Management\Provisioning\RunOnReboot,00:00,Les données de planification ne sont pas disponibles dans ce format.,%windir%\system32\ProvTool.exe /turn 5 /source ContinueSessionTask
\Microsoft\Windows\Location\WindowsActionDialog,00:00,Les données de planification ne sont pas disponibles dans ce format.,%windir%\System32\WindowsActionDialog.exe
\Microsoft\Windows\Maps\MapsToastTask,00:00,Les données de planification ne sont pas disponibles dans ce format.,Gestionnaire COM
\Microsoft\Windows\MemoryDiagnostic\RunFullMemoryDiagnostic,00:00,Les données de planification ne sont pas disponibles dans ce format.,Gestionnaire COM
\Microsoft\Windows\Mobile Broadband Accounts\MNO Metadata Parser,00:00,Les données de planification ne sont pas disponibles dans ce format.,%SystemRoot%\System32\MbaeParserTask.exe
\Microsoft\Windows\NlaSvc\WiFiTask,00:00,Les données de planification ne sont pas disponibles dans ce format.,%SystemRoot%\System32\WiFiTask.exe nla
\Microsoft\Windows\PCRPF\PCR Prediction Framework Firmware Update Task,00:00,Les données de planification ne sont pas disponibles dans ce format.,"%windir%\system32\rundll32.exe %windir%\system32\pcrpf.dll,NotifyFirmwareUpdateStaged"
\Microsoft\Windows\PerformanceTrace\RequestTrace,00:00,Les données de planification ne sont pas disponibles dans ce format.,Gestionnaire COM
\Microsoft\Windows\PerformanceTrace\WhesvcToast,00:00,Les données de planification ne sont pas disponibles dans ce format.,Gestionnaire COM
\Microsoft\Windows\Plug and Play\Device Install Group Policy,00:00,Les données de planification ne sont pas disponibles dans ce format.,Gestionnaire COM
\Microsoft\Windows\Maps\MapsUpdateTask,00:00,Les données de planification ne sont pas disponibles dans ce format.,Gestionnaire COM
\Microsoft\Windows\Plug and Play\Sysprep Generalize Drivers,00:00,Les données de planification ne sont pas disponibles dans ce format.,%SystemRoot%\System32\drvinst.exe 6
\Microsoft\Windows\InstallService\WakeUpAndScanForUpdates,00:00,Les données de planification ne sont pas disponibles dans ce format.,Gestionnaire COM
\Microsoft\Windows\input\TouchpadSyncDataAvailable,00:00,Les données de planification ne sont pas disponibles dans ce format.,Gestionnaire COM
\Microsoft\Windows\CloudRestore\Restore,00:00,Les données de planification ne sont pas disponibles dans ce format.,Gestionnaire COM
\Microsoft\Windows\Data Integrity Scan\Data Integrity Scan,00:00,Les données de planification ne sont pas disponibles dans ce format.,Gestionnaire COM
\Microsoft\Windows\Data Integrity Scan\Data Integrity Scan for Crash Recovery,00:00,Les données de planification ne sont pas disponibles dans ce format.,Gestionnaire COM
\Microsoft\Windows\Device Setup\Driver Recovery on Reboot,00:00,Les données de planification ne sont pas disponibles dans ce format.,Gestionnaire COM
\Microsoft\Windows\DiskDiagnostic\Microsoft-Windows-DiskDiagnosticResolver,00:00,Les données de planification ne sont pas disponibles dans ce format.,%windir%\system32\DFDWiz.exe
\Microsoft\Windows\DUSM\dusmtask,00:00,Les données de planification ne sont pas disponibles dans ce format.,%SystemRoot%\System32\dusmtask.exe
\Microsoft\Windows\EDP\EDP App Launch Task,00:00,Les données de planification ne sont pas disponibles dans ce format.,Gestionnaire COM
\Microsoft\Windows\InstallService\WakeUpAndContinueUpdates,00:00,Les données de planification ne sont pas disponibles dans ce format.,Gestionnaire COM
\Microsoft\Windows\EDP\EDP Auth Task,00:00,Les données de planification ne sont pas disponibles dans ce format.,Gestionnaire COM
\Microsoft\Windows\EDP\StorageCardEncryption Task,00:00,Les données de planification ne sont pas disponibles dans ce format.,Gestionnaire COM
\Microsoft\Windows\input\MouseSyncDataAvailable,00:00,Les données de planification ne sont pas disponibles dans ce format.,Gestionnaire COM
\Microsoft\Windows\input\PenSyncDataAvailable,00:00,Les données de planification ne sont pas disponibles dans ce format.,Gestionnaire COM
\Microsoft\Windows\input\RemoteMouseSyncDataAvailable,00:00,Les données de planification ne sont pas disponibles dans ce format.,Gestionnaire COM
\Microsoft\Windows\input\RemotePenSyncDataAvailable,00:00,Les données de planification ne sont pas disponibles dans ce format.,Gestionnaire COM
\Microsoft\Windows\input\RemoteTouchpadSyncDataAvailable,00:00,Les données de planification ne sont pas disponibles dans ce format.,Gestionnaire COM
\Microsoft\Windows\input\syncpensettings,00:00,Les données de planification ne sont pas disponibles dans ce format.,Gestionnaire COM
\Microsoft\Windows\EDP\EDP Inaccessible Credentials Task,00:00,Les données de planification ne sont pas disponibles dans ce format.,Gestionnaire COM
\Microsoft\Windows\Printing\EduPrintProv,00:00,Les données de planification ne sont pas disponibles dans ce format.,%windir%\system32\eduprintprov.exe
\Microsoft\Windows\ReFsDedupSvc\Initialization,00:00,Les données de planification ne sont pas disponibles dans ce format.,Gestionnaire COM
\Microsoft\Windows\SharedPC\Account Cleanup,00:00,Les données de planification ne sont pas disponibles dans ce format.,Gestionnaire COM
\Microsoft\Windows\USB\Usb-Notifications,00:00,Les données de planification ne sont pas disponibles dans ce format.,Gestionnaire COM
\Microsoft\Windows\Windows Filtering Platform\BfeOnServiceStartTypeChange,00:00,Les données de planification ne sont pas disponibles dans ce format.,"%windir%\system32\rundll32.exe bfe.dll,BfeOnServiceStartTypeChange"
\Microsoft\Windows\Windows Media Sharing\UpdateLibrary,00:00,Les données de planification ne sont pas disponibles dans ce format.,"""%ProgramFiles%\Windows Media Player\wmpnscfg.exe"""
\Microsoft\Windows\WindowsUpdate\Scheduled Start,00:00,Les données de planification ne sont pas disponibles dans ce format.,%systemroot%\System32\sc.exe start wuauserv
\Microsoft\Windows\WindowsUpdate\Scheduled Start,00:00,Les données de planification ne sont pas disponibles dans ce format.,%systemroot%\System32\sc.exe start wuauserv
\Microsoft\Windows\WindowsUpdate\Scheduled Start,00:00,Les données de planification ne sont pas disponibles dans ce format.,%systemroot%\System32\sc.exe start wuauserv
\Microsoft\Windows\WindowsUpdate\Scheduled Start,00:00,Les données de planification ne sont pas disponibles dans ce format.,%systemroot%\System32\sc.exe start wuauserv
\Microsoft\Windows\USB\Usb-Notifications,00:00,Les données de planification ne sont pas disponibles dans ce format.,Gestionnaire COM
\Microsoft\Windows\WlanSvc\MoProfileManagement,00:00,Les données de planification ne sont pas disponibles dans ce format.,Gestionnaire COM
\Microsoft\Windows\Workplace Join\Automatic-Device-Join,00:00,Les données de planification ne sont pas disponibles dans ce format.,%SystemRoot%\System32\dsregcmd.exe $(Arg0) $(Arg1) $(Arg2)
\Microsoft\Windows\Workplace Join\Automatic-Device-Join,00:00,Les données de planification ne sont pas disponibles dans ce format.,%SystemRoot%\System32\dsregcmd.exe $(Arg0) $(Arg1) $(Arg2)
\Microsoft\Windows\Workplace Join\Device-Sync,00:00,Les données de planification ne sont pas disponibles dans ce format.,Gestionnaire COM
\Microsoft\Windows\Workplace Join\Recovery-Check,00:00,Les données de planification ne sont pas disponibles dans ce format.,%SystemRoot%\System32\dsregcmd.exe /checkrecovery
\Microsoft\Windows\Workplace Join\Recovery-Check,00:00,Les données de planification ne sont pas disponibles dans ce format.,%SystemRoot%\System32\dsregcmd.exe /checkrecovery
\Microsoft\Windows\WwanSvc\NotificationTask,00:00,Les données de planification ne sont pas disponibles dans ce format.,%SystemRoot%\System32\WiFiTask.exe wwan
\Microsoft\XblGameSave\XblGameSaveTask,00:00,Les données de planification ne sont pas disponibles dans ce format.,%windir%\System32\XblGameSaveTask.exe standby
\Microsoft\Windows\WlanSvc\MoProfileManagement,00:00,Les données de planification ne sont pas disponibles dans ce format.,Gestionnaire COM
\Microsoft\Windows\USB\Usb-Notifications,00:00,Les données de planification ne sont pas disponibles dans ce format.,Gestionnaire COM
\Microsoft\Windows\USB\Usb-Notifications,00:00,Les données de planification ne sont pas disponibles dans ce format.,Gestionnaire COM
\Microsoft\Windows\UPnP\UPnPHostConfig,00:00,Les données de planification ne sont pas disponibles dans ce format.,sc.exe config upnphost start= auto
\Microsoft\Windows\Shell\FamilySafetyMonitor,00:00,Les données de planification ne sont pas disponibles dans ce format.,%windir%\System32\wpcmon.exe
\Microsoft\Windows\Shell\FamilySafetyRefreshTask,00:00,Les données de planification ne sont pas disponibles dans ce format.,Gestionnaire COM
\Microsoft\Windows\Shell\UpdateUserPictureTask,00:00,Les données de planification ne sont pas disponibles dans ce format.,Gestionnaire COM
\Microsoft\Windows\Shell\UpdateUserPictureTaskContained,00:00,Les données de planification ne sont pas disponibles dans ce format.,Gestionnaire COM
\Microsoft\Windows\SpacePort\SpaceAgentTask,00:00,Les données de planification ne sont pas disponibles dans ce format.,%windir%\system32\SpaceAgent.exe
\Microsoft\Windows\SpacePort\SpaceAgentTask,00:00,Les données de planification ne sont pas disponibles dans ce format.,%windir%\system32\SpaceAgent.exe
\Microsoft\Windows\SpacePort\SpaceManagerTask,00:00,Les données de planification ne sont pas disponibles dans ce format.,%windir%\system32\spaceman.exe /Work
\Microsoft\Windows\SpacePort\SpaceManagerTask,00:00,Les données de planification ne sont pas disponibles dans ce format.,%windir%\system32\spaceman.exe /Work
\Microsoft\Windows\Speech\HeadsetButtonPress,00:00,Les données de planification ne sont pas disponibles dans ce format.,%windir%\system32\speech_onecore\common\SpeechRuntime.exe StartedFromTask
\Microsoft\Windows\Storage Tiers Management\Storage Tiers Management Initialization,00:00,Les données de planification ne sont pas disponibles dans ce format.,Gestionnaire COM
\Microsoft\Windows\Storage Tiers Management\Storage Tiers Optimization,00:00,Les données de planification ne sont pas disponibles dans ce format.,%windir%\system32\defrag.exe -c -h -g -# -m 8 -i 13500
\Microsoft\Windows\Subscription\LicenseAcquisition,00:00,Les données de planification ne sont pas disponibles dans ce format.,%SystemRoot%\system32\ClipRenew.exe
\Microsoft\Windows\Subscription\LicenseAcquisition,00:00,Les données de planification ne sont pas disponibles dans ce format.,%SystemRoot%\system32\ClipRenew.exe
\Microsoft\Windows\Subscription\LicenseAcquisition,00:00,Les données de planification ne sont pas disponibles dans ce format.,%SystemRoot%\system32\ClipRenew.exe
\Microsoft\Windows\Sysmain\HybridDriveCachePrepopulate,00:00,Les données de planification ne sont pas disponibles dans ce format.,Gestionnaire COM
\Microsoft\Windows\Sysmain\HybridDriveCacheRebalance,00:00,Les données de planification ne sont pas disponibles dans ce format.,Gestionnaire COM
\Microsoft\Windows\Task Manager\Interactive,00:00,Les données de planification ne sont pas disponibles dans ce format.,Gestionnaire COM
\Microsoft\Windows\CloudExperienceHost\CreateObjectTask,00:00,Les données de planification ne sont pas disponibles dans ce format.,Gestionnaire COM
\Microsoft\Windows\Chkdsk\SyspartRepair,00:00,Les données de planification ne sont pas disponibles dans ce format.,%windir%\system32\bcdboot.exe %windir% /sysrepair
\MySQL\Installer\ManifestUpdate,00:00,Les données de planification ne sont pas disponibles dans ce format.,"""C:\Program Files (x86)\MySQL\MySQL Installer for Windows\MySQLInstallerConsole.exe"" Community Update"
\Microsoft\Windows\BitLocker\BitLocker MDM policy Refresh,00:00,Les données de planification ne sont pas disponibles dans ce format.,Gestionnaire COM
\Agent Activation Runtime\S-1-5-21-2000315303-141863411-690295039-1001,00:00,Les données de planification ne sont pas disponibles dans ce format.,C:\WINDOWS\System32\AgentActivationRuntimeStarter.exe
\Microsoft\Windows\BitLocker\BitLocker Encrypt All Drives,00:00,Les données de planification ne sont pas disponibles dans ce format.,Gestionnaire COM
\NVIDIA GeForce Experience SelfUpdate_{B2FE1952-0186-46C3-BAEC-A80AA35AC5B8},00:00,Les données de planification ne sont pas disponibles dans ce format.,"""C:\Program Files\NVIDIA Corporation\NVIDIA GeForce Experience\NVIDIA GeForce Experience.exe"""
\Microsoft\Office\Office Performance Monitor,00:00,Les données de planification ne sont pas disponibles dans ce format.,C:\Program Files\Microsoft Office\root\VFS\ProgramFilesCommonX64\Microsoft Shared\Office16\operfmon.exe
\Microsoft\Windows\Active Directory Rights Management Services Client\AD RMS Rights Policy Template Management (Automated),00:00,Les données de planification ne sont pas disponibles dans ce format.,Gestionnaire COM
\Microsoft\Windows\Active Directory Rights Management Services Client\AD RMS Rights Policy Template Management (Automated),00:00,Les données de planification ne sont pas disponibles dans ce format.,Gestionnaire COM
\Microsoft\Windows\Bluetooth\UninstallDeviceTask,00:00,Les données de planification ne sont pas disponibles dans ce format.,BthUdTask.exe $(Arg0)
\Microsoft\Windows\AppID\PolicyConverter,00:00,Les données de planification ne sont pas disponibles dans ce format.,%windir%\system32\appidpolicyconverter.exe
\Microsoft\Windows\AppID\VerifiedPublisherCertStoreCheck,00:00,Les données de planification ne sont pas disponibles dans ce format.,%windir%\system32\appidcertstorecheck.exe
\Microsoft\Windows\Application Experience\MareBackup,00:00,Les données de planification ne sont pas disponibles dans ce format.,Actions multiples
\Microsoft\Windows\Application Experience\Microsoft Compatibility Appraiser Exp,00:00,Les données de planification ne sont pas disponibles dans ce format.,%windir%\system32\compattelrunner.exe -m:appraiser.dll -f:DoScheduledTelemetryRun express
\Microsoft\Windows\Application Experience\SdbinstMergeDbTask,00:00,Les données de planification ne sont pas disponibles dans ce format.,%windir%\system32\sdbinst.exe -mm
\Microsoft\Windows\Application Experience\SdbinstMergeDbTask,00:00,Les données de planification ne sont pas disponibles dans ce format.,%windir%\system32\sdbinst.exe -mm
\Microsoft\Windows\Active Directory Rights Management Services Client\AD RMS Rights Policy Template Management (Manual),00:00,Les données de planification ne sont pas disponibles dans ce format.,Gestionnaire COM
\Microsoft\Windows\International\Synchronize Language Settings,00:03,Les données de planification ne sont pas disponibles dans ce format.,Gestionnaire COM
\Microsoft\Windows\ExploitGuard\ExploitGuard MDM policy Refresh,00:03,Les données de planification ne sont pas disponibles dans ce format.,Gestionnaire COM
\Microsoft\Windows\ExploitGuard\ExploitGuard MDM policy Refresh,00:03,Les données de planification ne sont pas disponibles dans ce format.,Gestionnaire COM
\Microsoft\Windows\ExploitGuard\ExploitGuard MDM policy Refresh,00:03,Les données de planification ne sont pas disponibles dans ce format.,Gestionnaire COM
\Microsoft\Windows\Subscription\EnableLicenseAcquisition,00:03,Les données de planification ne sont pas disponibles dans ce format.,%SystemRoot%\system32\ClipRenew.exe -e
\Microsoft\Windows\Subscription\EnableLicenseAcquisition,00:03,Les données de planification ne sont pas disponibles dans ce format.,%SystemRoot%\system32\ClipRenew.exe -e
\Microsoft\Windows\Network Connectivity Status Indicator\NcsiIdentifyUserProxies,00:03,Les données de planification ne sont pas disponibles dans ce format.,Gestionnaire COM
\Microsoft\Windows\Plug and Play\Device Install Reboot Required,00:03,Les données de planification ne sont pas disponibles dans ce format.,Gestionnaire COM
\Microsoft\Windows\Plug and Play\Device Install Reboot Required,00:03,Les données de planification ne sont pas disponibles dans ce format.,Gestionnaire COM
\Microsoft\Windows\Network Connectivity Status Indicator\NcsiIdentifyUserProxies,00:03,Les données de planification ne sont pas disponibles dans ce format.,Gestionnaire COM
\ASUS\P508PowerAgent_sdk,00:03,Les données de planification ne sont pas disponibles dans ce format.,C:\Program Files (x86)\ASUS\ArmouryDevice\dll\ShareFromArmouryIII\Mouse\ROG STRIX CARRY\P508PowerAgent.exe
\Microsoft\Windows\Network Connectivity Status Indicator\NcsiIdentifyUserProxies,00:03,Les données de planification ne sont pas disponibles dans ce format.,Gestionnaire COM
\Microsoft\Windows\Multimedia\SystemSoundsService,00:03,Les données de planification ne sont pas disponibles dans ce format.,Gestionnaire COM
\Microsoft\Windows\AccountHealth\RecoverabilityToastTask,00:03,Les données de planification ne sont pas disponibles dans ce format.,Gestionnaire COM
\Microsoft\Windows\MemoryDiagnostic\AutomaticOfflineMemoryDiagnostic,00:03,Les données de planification ne sont pas disponibles dans ce format.,Gestionnaire COM
\Microsoft\Windows\Subscription\EnableLicenseAcquisition,00:03,Les données de planification ne sont pas disponibles dans ce format.,%SystemRoot%\system32\ClipRenew.exe -e
\ASUS\ArmourySocketServer,00:03,Les données de planification ne sont pas disponibles dans ce format.,C:\Program Files (x86)\ASUS\ArmouryDevice\dll\ArmourySocketServer\TaskSchedulerTool_ArmourySocketServer.exe
\Microsoft\Windows\CertificateServicesClient\UserTask-Roam,00:03,Les données de planification ne sont pas disponibles dans ce format.,Gestionnaire COM
\Microsoft\Windows\TextServicesFramework\MsCtfMonitor,00:03,Les données de planification ne sont pas disponibles dans ce format.,Gestionnaire COM
\Microsoft\Windows\WwanSvc\OobeDiscovery,00:03,Les données de planification ne sont pas disponibles dans ce format.,Gestionnaire COM
\Microsoft\Windows\CertificateServicesClient\UserTask-Roam,00:03,Les données de planification ne sont pas disponibles dans ce format.,Gestionnaire COM
\Microsoft\Windows\WwanSvc\OobeDiscovery,00:03,Les données de planification ne sont pas disponibles dans ce format.,Gestionnaire COM
\Microsoft\Windows\WwanSvc\OobeDiscovery,00:03,Les données de planification ne sont pas disponibles dans ce format.,Gestionnaire COM
\Microsoft\Windows\CertificateServicesClient\UserTask,00:03,Les données de planification ne sont pas disponibles dans ce format.,Gestionnaire COM
\Microsoft\Windows\CertificateServicesClient\UserTask,00:03,Les données de planification ne sont pas disponibles dans ce format.,Gestionnaire COM
\NvNodeLauncher_{B2FE1952-0186-46C3-BAEC-A80AA35AC5B8},00:03,Les données de planification ne sont pas disponibles dans ce format.,C:\Program Files (x86)\NVIDIA Corporation\NvNode\nvnodejslauncher.exe --launcher=TaskScheduler
\Microsoft\Windows\CertificateServicesClient\UserTask,00:03,Les données de planification ne sont pas disponibles dans ce format.,Gestionnaire COM
\ASUS\AcPowerNotification,00:03,Les données de planification ne sont pas disponibles dans ce format.,C:\Program Files (x86)\ASUS\ArmouryDevice\dll\AcPowerNotification\AcPowerNotification.exe
\Microsoft\Windows\Wininet\CacheTask,00:03,Les données de planification ne sont pas disponibles dans ce format.,Gestionnaire COM
\Microsoft\Windows\International\Synchronize Language Settings,00:03,Les données de planification ne sont pas disponibles dans ce format.,Gestionnaire COM
\Microsoft\Windows\CertificateServicesClient\UserTask,00:03,Les données de planification ne sont pas disponibles dans ce format.,Gestionnaire COM
\Microsoft\Windows\WindowsColorSystem\Calibration Loader,00:03,Les données de planification ne sont pas disponibles dans ce format.,Gestionnaire COM
\Microsoft\Windows\WindowsColorSystem\Calibration Loader,00:03,Les données de planification ne sont pas disponibles dans ce format.,Gestionnaire COM
\RtkAudUService64_BG,00:03,Les données de planification ne sont pas disponibles dans ce format.,"""C:\Windows\system32\RtkAudUService64.exe"" -background"
\Microsoft\Windows\Time Synchronization\ForceSynchronizeTime,00:03,Les données de planification ne sont pas disponibles dans ce format.,Gestionnaire COM
\Microsoft\Windows\Windows Defender\Windows Defender Verification,00:03,Les données de planification ne sont pas disponibles dans ce format.,C:\ProgramData\Microsoft\Windows Defender\Platform\4.18.26010.5-0\MpCmdRun.exe -IdleTask -TaskName WdVerification
\Microsoft\Windows\Time Synchronization\ForceSynchronizeTime,00:03,Les données de planification ne sont pas disponibles dans ce format.,Gestionnaire COM
\Microsoft\Windows\DirectX\DXGIAdapterCache,00:04,Les données de planification ne sont pas disponibles dans ce format.,%windir%\system32\dxgiadaptercache.exe
\Microsoft\Windows\DirectX\DXGIAdapterCache,00:04,Les données de planification ne sont pas disponibles dans ce format.,%windir%\system32\dxgiadaptercache.exe
\Microsoft\Windows\WlanSvc\CDSSync,00:04,Les données de planification ne sont pas disponibles dans ce format.,Gestionnaire COM
\Microsoft\Windows\DirectX\DXGIAdapterCache,00:04,Les données de planification ne sont pas disponibles dans ce format.,%windir%\system32\dxgiadaptercache.exe
\McAfeeLogon,00:04,Les données de planification ne sont pas disponibles dans ce format.,C:\Program Files\Common Files\McAfee\Platform\McUICnt.exe /platui
\NvBatteryBoostCheckOnLogon_{B2FE1952-0186-46C3-BAEC-A80AA35AC5B8},00:05,Les données de planification ne sont pas disponibles dans ce format.,"C:\Program Files\NVIDIA Corporation\NvContainer\nvcontainer.exe -d ""C:\Program Files\NVIDIA Corporation\NvBackend\NvBatteryBoostCheck"" -l 3 -f C:\ProgramData\NVIDIA\NvContainerBatteryBoostCheck.log"
\NvProfileUpdaterOnLogon_{B2FE1952-0186-46C3-BAEC-A80AA35AC5B8},00:05,Les données de planification ne sont pas disponibles dans ce format.,C:\Program Files\NVIDIA Corporation\Update Core\NvProfileUpdater64.exe
\Microsoft\Windows\Flighting\FeatureConfig\ReconcileFeatures,00:06,Les données de planification ne sont pas disponibles dans ce format.,Gestionnaire COM
\Microsoft\Windows\Flighting\FeatureConfig\ReconcileFeatures,00:06,Les données de planification ne sont pas disponibles dans ce format.,Gestionnaire COM
\Microsoft\Windows\Flighting\FeatureConfig\ReconcileFeatures,00:06,Les données de planification ne sont pas disponibles dans ce format.,Gestionnaire COM
\Microsoft\Windows\Flighting\FeatureConfig\ReconcileFeatures,00:06,Les données de planification ne sont pas disponibles dans ce format.,Gestionnaire COM
\Microsoft\Windows\Flighting\FeatureConfig\ReconcileFeatures,00:06,Les données de planification ne sont pas disponibles dans ce format.,Gestionnaire COM
\Microsoft\Windows\Flighting\FeatureConfig\ReconcileFeatures,00:06,Les données de planification ne sont pas disponibles dans ce format.,Gestionnaire COM
\Microsoft\Windows\Work Folders\Work Folders Logon Synchronization,00:08,Les données de planification ne sont pas disponibles dans ce format.,Gestionnaire COM
\Microsoft\Windows\Flighting\FeatureConfig\UsageDataFlushing,00:09,Les données de planification ne sont pas disponibles dans ce format.,Gestionnaire COM
\Microsoft\Windows\Flighting\FeatureConfig\UsageDataFlushing,00:09,Les données de planification ne sont pas disponibles dans ce format.,Gestionnaire COM
\Microsoft\Windows\Flighting\FeatureConfig\UsageDataFlushing,00:09,Les données de planification ne sont pas disponibles dans ce format.,Gestionnaire COM
\DSB Notification,00:13,Les données de planification ne sont pas disponibles dans ce format.,C:\Program Files\ASUS\DSB Notification\DSBNotification.exe -bytask
\OneDrive Startup Task-S-1-5-21-2000315303-141863411-690295039-1001,00:13,Les données de planification ne sont pas disponibles dans ce format.,C:\Users\samue\AppData\Local\Microsoft\OneDrive\26.012.0119.0002\OneDriveLauncher.exe /startInstances
\DSB Notification,00:13,Les données de planification ne sont pas disponibles dans ce format.,C:\Program Files\ASUS\DSB Notification\DSBNotification.exe -bytask
\Microsoft\Windows\Location\Notifications,00:13,Les données de planification ne sont pas disponibles dans ce format.,%windir%\System32\LocationNotificationWindows.exe
\DSB Notification,00:13,Les données de planification ne sont pas disponibles dans ce format.,C:\Program Files\ASUS\DSB Notification\DSBNotification.exe -bytask
\DSB Notification,00:13,Les données de planification ne sont pas disponibles dans ce format.,C:\Program Files\ASUS\DSB Notification\DSBNotification.exe -bytask
\Microsoft\Windows\LanguageComponentsInstaller\Installation,00:18,Les données de planification ne sont pas disponibles dans ce format.,Gestionnaire COM
\Microsoft\Office\Office Feature Updates Logon,00:18,Les données de planification ne sont pas disponibles dans ce format.,C:\Program Files\Microsoft Office\root\Office16\sdxhelper.exe /onlogon
\Microsoft\Office\Office Feature Updates Logon,00:18,Les données de planification ne sont pas disponibles dans ce format.,C:\Program Files\Microsoft Office\root\Office16\sdxhelper.exe /onlogon
\Microsoft\Windows\Flighting\FeatureConfig\UsageDataReceiver,00:19,Les données de planification ne sont pas disponibles dans ce format.,Gestionnaire COM
\Microsoft\Windows\Flighting\FeatureConfig\GovernedFeatureUsageProcessing,00:20,Les données de planification ne sont pas disponibles dans ce format.,Gestionnaire COM
\NvTmRep_CrashReport3_{B2FE1952-0186-46C3-BAEC-A80AA35AC5B8},00:25,Les données de planification ne sont pas disponibles dans ce format.,C:\Program Files\NVIDIA Corporation\NvBackend\NvTmRep.exe
\Microsoft\Windows\Windows Defender\Windows Defender Cache Maintenance,00:41,Les données de planification ne sont pas disponibles dans ce format.,C:\ProgramData\Microsoft\Windows Defender\Platform\4.18.26010.5-0\MpCmdRun.exe -IdleTask -TaskName WdCacheMaintenance
\Microsoft\Windows\Sustainability\SustainabilityTelemetry,00:41,Les données de planification ne sont pas disponibles dans ce format.,Gestionnaire COM
\Microsoft\Windows\ApplicationData\CleanupTemporaryState,00:41,Les données de planification ne sont pas disponibles dans ce format.,"%windir%\system32\rundll32.exe Windows.Storage.ApplicationData.dll,CleanupTemporaryState"
\Microsoft\Windows\Windows Defender\Windows Defender Cleanup,00:41,Les données de planification ne sont pas disponibles dans ce format.,C:\ProgramData\Microsoft\Windows Defender\Platform\4.18.26010.5-0\MpCmdRun.exe -IdleTask -TaskName WdCleanup
\Microsoft\Windows\Diagnosis\Scheduled,00:41,Les données de planification ne sont pas disponibles dans ce format.,Gestionnaire COM
\Microsoft\Windows\MUI\LPRemove,00:42,Les données de planification ne sont pas disponibles dans ce format.,%windir%\system32\lpremove.exe
\Microsoft\Office\Office Actions Server,01:00,Les données de planification ne sont pas disponibles dans ce format.,C:\Program Files\Microsoft Office\root\VFS\ProgramFilesCommonX64\Microsoft Shared\Office16\ActionsServer\ActionsServer.exe availabilitycheck
\Microsoft\Office\Office Actions Server,01:00,Les données de planification ne sont pas disponibles dans ce format.,C:\Program Files\Microsoft Office\root\VFS\ProgramFilesCommonX64\Microsoft Shared\Office16\ActionsServer\ActionsServer.exe availabilitycheck
\Microsoft\Windows\Windows Error Reporting\QueueReporting,01:05,Les données de planification ne sont pas disponibles dans ce format.,%windir%\system32\wermgr.exe -upload
\Microsoft\Windows\Windows Error Reporting\QueueReporting,01:08,Les données de planification ne sont pas disponibles dans ce format.,%windir%\system32\wermgr.exe -upload
\Microsoft\Windows\Windows Error Reporting\QueueReporting,01:12,Les données de planification ne sont pas disponibles dans ce format.,%windir%\system32\wermgr.exe -upload
\Microsoft\Windows\SystemRestore\SR,01:25,Les données de planification ne sont pas disponibles dans ce format.,%windir%\system32\srtasks.exe ExecuteScheduledSPPCreation
\Microsoft\Windows\Windows Error Reporting\QueueReporting,01:39,Les données de planification ne sont pas disponibles dans ce format.,%windir%\system32\wermgr.exe -upload
\Microsoft\Windows\Windows Error Reporting\QueueReporting,01:57,Les données de planification ne sont pas disponibles dans ce format.,%windir%\system32\wermgr.exe -upload
\OneDrive Standalone Update Task-S-1-5-21-2000315303-141863411-690295039-1001,01:59,Les données de planification ne sont pas disponibles dans ce format.,%localappdata%\Microsoft\OneDrive\OneDriveStandaloneUpdater.exe
\Microsoft\Windows\AppListBackup\BackupNonMaintenance,02:06,Les données de planification ne sont pas disponibles dans ce format.,Gestionnaire COM
\OneDrive Reporting Task-S-1-5-21-2000315303-141863411-690295039-1001,02:19,Les données de planification ne sont pas disponibles dans ce format.,%localappdata%\Microsoft\OneDrive\OneDriveStandaloneUpdater.exe /reporting
\Microsoft\Office\Office Feature Updates,02:26,Les données de planification ne sont pas disponibles dans ce format.,C:\Program Files\Microsoft Office\root\Office16\sdxhelper.exe
\Microsoft\Windows\Hotpatch\Monitoring,03:01,Les données de planification ne sont pas disponibles dans ce format.,%systemroot%\system32\cmd.exe /d /c %systemroot%\system32\hpatchmonTask.cmd
\Microsoft\Windows\Hotpatch\Monitoring,03:04,Les données de planification ne sont pas disponibles dans ce format.,%systemroot%\system32\cmd.exe /d /c %systemroot%\system32\hpatchmonTask.cmd
\Microsoft\Windows\Hotpatch\Monitoring,03:28,Les données de planification ne sont pas disponibles dans ce format.,%systemroot%\system32\cmd.exe /d /c %systemroot%\system32\hpatchmonTask.cmd
\Microsoft\Windows\input\LocalUserSyncDataAvailable,03:42,Les données de planification ne sont pas disponibles dans ce format.,Gestionnaire COM
\Microsoft\Windows\Device Information\Device,03:42,Les données de planification ne sont pas disponibles dans ce format.,%windir%\system32\devicecensus.exe SystemCxt
\Microsoft\Office\Office Automatic Updates 2.0,03:53,Les données de planification ne sont pas disponibles dans ce format.,C:\Program Files\Common Files\Microsoft Shared\ClickToRun\OfficeC2RClient.exe /frequentupdate SCHEDULEDTASK displaylevel=False
\Microsoft\Office\Office Feature Updates,04:04,Les données de planification ne sont pas disponibles dans ce format.,C:\Program Files\Microsoft Office\root\Office16\sdxhelper.exe
\Microsoft\Windows\.NET Framework\.NET Framework NGEN v4.0.30319 Critical,04:05,Les données de planification ne sont pas disponibles dans ce format.,Gestionnaire COM
\Microsoft\Windows\.NET Framework\.NET Framework NGEN v4.0.30319 64 Critical,04:05,Les données de planification ne sont pas disponibles dans ce format.,Gestionnaire COM
\Microsoft\Office\Office Feature Updates,04:09,Les données de planification ne sont pas disponibles dans ce format.,C:\Program Files\Microsoft Office\root\Office16\sdxhelper.exe
\ZoomUpdateTaskUser-S-1-5-21-2000315303-141863411-690295039-1001,04:11,Les données de planification ne sont pas disponibles dans ce format.,"""C:\Users\samue\AppData\Roaming\Zoom\bin\Zoom.exe"" --action=UpdateSchedule"
\Microsoft\Office\Office ClickToRun Service Monitor,04:12,Les données de planification ne sont pas disponibles dans ce format.,C:\Program Files\Common Files\Microsoft Shared\ClickToRun\OfficeC2RClient.exe /WatchService
\Microsoft\Windows\Device Information\Device,04:14,Les données de planification ne sont pas disponibles dans ce format.,%windir%\system32\devicecensus.exe SystemCxt
\Microsoft\Windows\Application Experience\PcaPatchDbTask,04:32,Les données de planification ne sont pas disponibles dans ce format.,"%windir%\system32\rundll32.exe %windir%\system32\PcaSvc.dll,PcaPatchSdbTask"
\Microsoft\Office\Office Feature Updates,05:23,Les données de planification ne sont pas disponibles dans ce format.,C:\Program Files\Microsoft Office\root\Office16\sdxhelper.exe
\Microsoft\Windows\Flighting\OneSettings\RefreshCache,05:30,Les données de planification ne sont pas disponibles dans ce format.,Gestionnaire COM
\Microsoft\Windows\Flighting\OneSettings\RefreshCache,05:39,Les données de planification ne sont pas disponibles dans ce format.,Gestionnaire COM
\Microsoft\Windows\Flighting\OneSettings\RefreshCache,05:47,Les données de planification ne sont pas disponibles dans ce format.,Gestionnaire COM
\Microsoft\Office\Office Feature Updates,05:58,Les données de planification ne sont pas disponibles dans ce format.,C:\Program Files\Microsoft Office\root\Office16\sdxhelper.exe
\Microsoft\Windows\Customer Experience Improvement Program\Consolidator,06:00,Les données de planification ne sont pas disponibles dans ce format.,%SystemRoot%\System32\wsqmcons.exe
\Microsoft\Office\Office Feature Updates,06:06,Les données de planification ne sont pas disponibles dans ce format.,C:\Program Files\Microsoft Office\root\Office16\sdxhelper.exe
\NvTmRep_CrashReport4_{B2FE1952-0186-46C3-BAEC-A80AA35AC5B8},06:25,Les données de planification ne sont pas disponibles dans ce format.,C:\Program Files\NVIDIA Corporation\NvBackend\NvTmRep.exe
\Mozilla\Firefox Background Update S-1-5-21-2000315303-141863411-690295039-1001 308046B0AF4A39CB,07:01,Les données de planification ne sont pas disponibles dans ce format.,"C:\Program Files\Mozilla Firefox\firefox.exe --MOZ_LOG sync,prependheader,timestamp,append,maxsize:1,Dump:5 --MOZ_LOG_FILE C:\ProgramData\Mozilla-1de4eec8-1241-4177-a864-e594e8d1fb38\updates\308046B0AF4A39CB\backgroundupdate.moz_log --backgroundtask bac"
\Mozilla\Firefox Background Update 308046B0AF4A39CB,07:18,Les données de planification ne sont pas disponibles dans ce format.,"C:\Program Files\Mozilla Firefox\firefox.exe --MOZ_LOG sync,prependheader,timestamp,append,maxsize:1,Dump:5 --MOZ_LOG_FILE C:\ProgramData\Mozilla-1de4eec8-1241-4177-a864-e594e8d1fb38\updates\308046B0AF4A39CB\backgroundupdate.moz_log --backgroundtask bac"
\Microsoft\Office\Office Startup Maintenance,08:05,Les données de planification ne sont pas disponibles dans ce format.,C:\Program Files\Microsoft Office\root\VFS\ProgramFilesCommonX64\Microsoft Shared\Office16\ActionsServer\ActionsServer.exe wacheck
\Microsoft\Office\Office Startup Maintenance,08:27,Les données de planification ne sont pas disponibles dans ce format.,C:\Program Files\Microsoft Office\root\VFS\ProgramFilesCommonX64\Microsoft Shared\Office16\ActionsServer\ActionsServer.exe wacheck
\Microsoft\Office\Office Automatic Updates 2.0,08:33,Les données de planification ne sont pas disponibles dans ce format.,C:\Program Files\Common Files\Microsoft Shared\ClickToRun\OfficeC2RClient.exe /frequentupdate SCHEDULEDTASK displaylevel=False
\Microsoft\Windows\Printing\PrinterCleanupTask,12:00,Les données de planification ne sont pas disponibles dans ce format.,Gestionnaire COM
\Microsoft\Windows\Sustainability\PowerGridForecastTask,12:07,Les données de planification ne sont pas disponibles dans ce format.,Gestionnaire COM
\NvTmRep_CrashReport1_{B2FE1952-0186-46C3-BAEC-A80AA35AC5B8},12:25,Les données de planification ne sont pas disponibles dans ce format.,C:\Program Files\NVIDIA Corporation\NvBackend\NvTmRep.exe
\NvDriverUpdateCheckDaily_{B2FE1952-0186-46C3-BAEC-A80AA35AC5B8},12:25,Les données de planification ne sont pas disponibles dans ce format.,"C:\Program Files\NVIDIA Corporation\NvContainer\nvcontainer.exe -d ""C:\Program Files\NVIDIA Corporation\NvDriverUpdateCheck"" -l 3 -f C:\ProgramData\NVIDIA\NvContainerDriverUpdateCheck.log"
\NvProfileUpdaterDaily_{B2FE1952-0186-46C3-BAEC-A80AA35AC5B8},12:25,Les données de planification ne sont pas disponibles dans ce format.,C:\Program Files\NVIDIA Corporation\Update Core\NvProfileUpdater64.exe
\Microsoft\Windows\InstallService\ScanForUpdates,12:31,Les données de planification ne sont pas disponibles dans ce format.,Gestionnaire COM
\Microsoft\Windows\Flighting\FeatureConfig\BootstrapUsageDataReporting,12:40,Les données de planification ne sont pas disponibles dans ce format.,Gestionnaire COM
\Microsoft\Windows\Flighting\FeatureConfig\ReconcileConfigs,12:41,Les données de planification ne sont pas disponibles dans ce format.,Gestionnaire COM
\Microsoft\Windows\Sustainability\PowerGridForecastTask,12:44,Les données de planification ne sont pas disponibles dans ce format.,Gestionnaire COM
\Microsoft\Windows\CloudRestore\Backup,12:51,Les données de planification ne sont pas disponibles dans ce format.,Gestionnaire COM
\Microsoft\Windows\DirectX\DirectXDatabaseUpdater,12:51,Les données de planification ne sont pas disponibles dans ce format.,%windir%\system32\directxdatabaseupdater.exe
\Microsoft\Windows\DirectX\DirectXDatabaseUpdater,12:51,Les données de planification ne sont pas disponibles dans ce format.,%windir%\system32\directxdatabaseupdater.exe
\Microsoft\Windows\ApplicationData\appuriverifierinstall,12:52,Les données de planification ne sont pas disponibles dans ce format.,%windir%\system32\AppHostRegistrationVerifier.exe
\Microsoft\Windows\Time Zone\SynchronizeTimeZone,12:57,Les données de planification ne sont pas disponibles dans ce format.,%windir%\system32\tzsync.exe
\Microsoft\Windows\ConsentUX\UnifiedConsent\UnifiedConsentSyncTask,13:00,Les données de planification ne sont pas disponibles dans ce format.,Gestionnaire COM
\Microsoft\Windows\Printing\PrintJobCleanupTask,13:01,Les données de planification ne sont pas disponibles dans ce format.,Gestionnaire COM
\Microsoft\Windows\Diagnosis\RecommendedTroubleshootingScanner,13:04,Les données de planification ne sont pas disponibles dans ce format.,Gestionnaire COM
\Microsoft\Windows\Diagnosis\RecommendedTroubleshootingScanner,13:04,Les données de planification ne sont pas disponibles dans ce format.,Gestionnaire COM
\Microsoft\Windows\Diagnosis\RecommendedTroubleshootingScanner,13:04,Les données de planification ne sont pas disponibles dans ce format.,Gestionnaire COM
\Microsoft\Windows\Diagnosis\RecommendedTroubleshootingScanner,13:04,Les données de planification ne sont pas disponibles dans ce format.,Gestionnaire COM
\Microsoft\Windows\Servicing\OOBEFodSetup,13:05,Les données de planification ne sont pas disponibles dans ce format.,%windir%\system32\OOBEFodSetup.exe
\Microsoft\Windows\SoftwareProtectionPlatform\SvcRestartTaskLogon,13:05,Les données de planification ne sont pas disponibles dans ce format.,Gestionnaire COM
\Microsoft\Office\Office Automatic Updates 2.0,13:25,Les données de planification ne sont pas disponibles dans ce format.,C:\Program Files\Common Files\Microsoft Shared\ClickToRun\OfficeC2RClient.exe /frequentupdate SCHEDULEDTASK displaylevel=False
\Microsoft\Windows\DiskDiagnostic\Microsoft-Windows-DiskDiagnosticDataCollector,13:27,Les données de planification ne sont pas disponibles dans ce format.,"%windir%\system32\rundll32.exe dfdts.dll,DfdGetDefaultPolicyAndSMART"
\Microsoft\Windows\ConsentUX\UnifiedConsent\UnifiedConsentSyncTask,13:39,Les données de planification ne sont pas disponibles dans ce format.,Gestionnaire COM
\Microsoft\Windows\InstallService\RestoreDevice,13:50,Les données de planification ne sont pas disponibles dans ce format.,Gestionnaire COM
\Microsoft\Windows\AppxDeploymentClient\Pre-staged app cleanup,14:16,Les données de planification ne sont pas disponibles dans ce format.,"%windir%\system32\rundll32.exe %windir%\system32\AppxDeploymentClient.dll,AppxPreStageCleanupRunTask"
\Microsoft\Windows\RecoveryEnvironment\VerifyWinRE,14:25,Les données de planification ne sont pas disponibles dans ce format.,Gestionnaire COM
\Microsoft\Windows\Customer Experience Improvement Program\UsbCeip,15:14,Les données de planification ne sont pas disponibles dans ce format.,Gestionnaire COM
\Microsoft\Windows\BrokerInfrastructure\BgTaskRegistrationMaintenanceTask,15:14,Les données de planification ne sont pas disponibles dans ce format.,Gestionnaire COM
\Microsoft\Windows\Feedback\Siuf\DmClientOnScenarioDownload,15:48,Les données de planification ne sont pas disponibles dans ce format.,%windir%\system32\dmclient.exe utcwnf
\Microsoft\Windows\InstallService\ScanForUpdates,15:57,Les données de planification ne sont pas disponibles dans ce format.,Gestionnaire COM
\Microsoft\Windows\DiskFootprint\Diagnostics,16:03,Les données de planification ne sont pas disponibles dans ce format.,%windir%\system32\disksnapshot.exe -z
\Microsoft\Windows\Time Synchronization\SynchronizeTime,16:03,Les données de planification ne sont pas disponibles dans ce format.,%windir%\system32\sc.exe start w32time task_started
\Microsoft\Windows\Shell\IndexerAutomaticMaintenance,16:03,Les données de planification ne sont pas disponibles dans ce format.,Gestionnaire COM
\Microsoft\Windows\ApplicationData\appuriverifierdaily,16:03,Les données de planification ne sont pas disponibles dans ce format.,%windir%\system32\AppHostRegistrationVerifier.exe
\Microsoft\Windows\Autochk\Proxy,16:03,Les données de planification ne sont pas disponibles dans ce format.,"%windir%\system32\rundll32.exe /d acproxy.dll,PerformAutochkOperations"
\Microsoft\Windows\ApplicationData\DsSvcCleanup,16:03,Les données de planification ne sont pas disponibles dans ce format.,%windir%\system32\dstokenclean.exe
\Microsoft\Windows\Application Experience\StartupAppTask,16:03,Les données de planification ne sont pas disponibles dans ce format.,"%windir%\system32\rundll32.exe Startupscan.dll,SusRunTask"
\Microsoft\Windows\Chkdsk\ProactiveScan,16:03,Les données de planification ne sont pas disponibles dans ce format.,Gestionnaire COM
\Microsoft\Windows\DiskFootprint\StorageSense,16:03,Les données de planification ne sont pas disponibles dans ce format.,Gestionnaire COM
\Microsoft\Windows\Flighting\FeatureConfig\UsageDataReporting,16:03,Les données de planification ne sont pas disponibles dans ce format.,Gestionnaire COM
\Microsoft\Windows\Management\Provisioning\Logon,16:03,Les données de planification ne sont pas disponibles dans ce format.,%windir%\system32\ProvTool.exe /turn 5 /source LogonIdleTask
\Microsoft\Windows\Registry\RegIdleBackup,16:03,Les données de planification ne sont pas disponibles dans ce format.,Gestionnaire COM
\Microsoft\Windows\AppListBackup\Backup,16:03,Les données de planification ne sont pas disponibles dans ce format.,Gestionnaire COM
\Microsoft\Windows\Setup\PITRTask,16:03,Les données de planification ne sont pas disponibles dans ce format.,Gestionnaire COM
\Microsoft\Windows\Shell\ThemesSyncedImageDownload,16:03,Les données de planification ne sont pas disponibles dans ce format.,Gestionnaire COM
\Microsoft\Windows\StateRepository\MaintenanceTasks,16:03,Les données de planification ne sont pas disponibles dans ce format.,"%windir%\system32\rundll32.exe %windir%\system32\Windows.StateRepositoryClient.dll,StateRepositoryDoMaintenanceTasks"
\Microsoft\Windows\Feedback\Siuf\DmClient,16:03,Les données de planification ne sont pas disponibles dans ce format.,%windir%\system32\dmclient.exe
\Microsoft\Windows\capabilityaccessmanager\maintenancetasks,16:03,Les données de planification ne sont pas disponibles dans ce format.,"%windir%\system32\rundll32.exe %windir%\system32\CapabilityAccessManager.dll,CapabilityAccessManagerDoStoreMaintenance"
\Microsoft\Windows\InstallService\ScanForUpdatesAsUser,16:03,Les données de planification ne sont pas disponibles dans ce format.,Gestionnaire COM
\Microsoft\Windows\.NET Framework\.NET Framework NGEN v4.0.30319,16:04,Les données de planification ne sont pas disponibles dans ce format.,Gestionnaire COM
\Microsoft\Windows\.NET Framework\.NET Framework NGEN v4.0.30319 64,16:04,Les données de planification ne sont pas disponibles dans ce format.,Gestionnaire COM
\Microsoft\Windows\Defrag\ScheduledDefrag,16:04,Les données de planification ne sont pas disponibles dans ce format.,%windir%\system32\defrag.exe -c -h -o -$
\Microsoft\Windows\Servicing\StartComponentCleanup,16:04,Les données de planification ne sont pas disponibles dans ce format.,Gestionnaire COM
\Microsoft\Windows\Windows Defender\Windows Defender Scheduled Scan,16:05,Les données de planification ne sont pas disponibles dans ce format.,C:\ProgramData\Microsoft\Windows Defender\Platform\4.18.26010.5-0\MpCmdRun.exe Scan -ScheduleJob -ScanTrigger 55 -IdleScheduledJob
\Microsoft\Windows\Device Information\Device User,16:05,Les données de planification ne sont pas disponibles dans ce format.,%windir%\system32\devicecensus.exe UserCxt
\Microsoft\Windows\Sysmain\WsSwapAssessmentTask,16:31,Les données de planification ne sont pas disponibles dans ce format.,"%windir%\system32\rundll32.exe sysmain.dll,PfSvWsSwapAssessmentTask"
\Microsoft\Windows\Work Folders\Work Folders Maintenance Work,16:33,Les données de planification ne sont pas disponibles dans ce format.,Gestionnaire COM
\Microsoft\Windows\Power Efficiency Diagnostics\AnalyzeSystem,16:41,Les données de planification ne sont pas disponibles dans ce format.,Gestionnaire COM
\Microsoft\Windows\Maintenance\WinSAT,16:41,Les données de planification ne sont pas disponibles dans ce format.,Gestionnaire COM
\Mozilla\Firefox Default Browser Agent 308046B0AF4A39CB,17:17,Les données de planification ne sont pas disponibles dans ce format.,"C:\Program Files\Mozilla Firefox\default-browser-agent.exe do-task ""308046B0AF4A39CB"""
\Microsoft\Windows\LanguageComponentsInstaller\ReconcileLanguageResources,17:48,Les données de planification ne sont pas disponibles dans ce format.,Gestionnaire COM
\Microsoft\Windows\MUI\Mcbuilder,18:07,Les données de planification ne sont pas disponibles dans ce format.,C:\Windows\System32\mcbuilder.exe
\NvTmRep_CrashReport2_{B2FE1952-0186-46C3-BAEC-A80AA35AC5B8},18:25,Les données de planification ne sont pas disponibles dans ce format.,C:\Program Files\NVIDIA Corporation\NvBackend\NvTmRep.exe
\Microsoft\Windows\CloudRestore\Backup,19:14,Les données de planification ne sont pas disponibles dans ce format.,Gestionnaire COM
\Microsoft\Windows\InstallService\ScanForUpdates,20:52,Les données de planification ne sont pas disponibles dans ce format.,Gestionnaire COM
\Microsoft\Windows\WCM\WiFiTask,21:04,Les données de planification ne sont pas disponibles dans ce format.,%SystemRoot%\System32\WiFiTask.exe
\Microsoft\Windows\Kernel\La57Cleanup,22:39,Les données de planification ne sont pas disponibles dans ce format.,%windir%\system32\la57setup.exe
\Microsoft\Windows\FileHistory\File History (maintenance mode),22:39,Les données de planification ne sont pas disponibles dans ce format.,Gestionnaire COM
\Microsoft\Windows\DiskCleanup\SilentCleanup,22:41,Les données de planification ne sont pas disponibles dans ce format.,%windir%\system32\cleanmgr.exe /autocleanstoragesense /d %systemdrive%
\Microsoft\Windows\MemoryDiagnostic\ProcessMemoryDiagnosticEvents,22:41,Les données de planification ne sont pas disponibles dans ce format.,Gestionnaire COM
\Microsoft\Windows\MemoryDiagnostic\ProcessMemoryDiagnosticEvents,22:41,Les données de planification ne sont pas disponibles dans ce format.,Gestionnaire COM
\Microsoft\Windows\MemoryDiagnostic\ProcessMemoryDiagnosticEvents,22:41,Les données de planification ne sont pas disponibles dans ce format.,Gestionnaire COM
\Microsoft\Windows\MemoryDiagnostic\ProcessMemoryDiagnosticEvents,22:41,Les données de planification ne sont pas disponibles dans ce format.,Gestionnaire COM
\Microsoft\VisualStudio\Updates\BackgroundDownload,22:41,Les données de planification ne sont pas disponibles dans ce format.,C:\Program Files (x86)\Microsoft Visual Studio\Installer\resources\app\ServiceHub\Services\Microsoft.VisualStudio.Setup.Service\BackgroundDownload.exe
\Microsoft\Windows\Shell\CreateObjectTask,23:03,Les données de planification ne sont pas disponibles dans ce format.,Gestionnaire COM
\Microsoft\Windows\WDI\ResolutionHost,23:03,Les données de planification ne sont pas disponibles dans ce format.,Gestionnaire COM
\Microsoft\Windows\Diagnosis\UnexpectedCodepath,23:10,Les données de planification ne sont pas disponibles dans ce format.,%windir%\system32\UCConfigTask.exe
\Microsoft\Windows\Sysmain\ResPriStaticDbSync,23:16,Les données de planification ne sont pas disponibles dans ce format.,Gestionnaire COM
\Microsoft\Windows\Data Integrity Scan\Data Integrity Check And Scan,23:18,Les données de planification ne sont pas disponibles dans ce format.,Gestionnaire COM
\Microsoft\Windows\Data Integrity Scan\Data Integrity Check And Scan,23:47,Les données de planification ne sont pas disponibles dans ce format.,Gestionnaire COM
\Microsoft\Office\Office Background Push Maintenance,23:59,Les données de planification ne sont pas disponibles dans ce format.,C:\Program Files\Microsoft Office\root\vfs\ProgramFilesCommonx64\Microsoft Shared\Office16\opushutil.exe /pushregistration
\Microsoft\Office\Office Background Push Maintenance,23:59,Les données de planification ne sont pas disponibles dans ce format.,C:\Program Files\Microsoft Office\root\vfs\ProgramFilesCommonx64\Microsoft Shared\Office16\opushutil.exe /pushregistration
