match_id,game_duration,team_100_win,team_100_first_blood,team_100_first_tower,team_100_first_inhibitor,team_100_first_dragon,team_100_first_rift_herald,team_100_first_baron,team_100_dragon_kills,team_100_baron_kills,team_100_tower_kills,team_100_inhibitor_kills,team_100_rift_herald_kills,team_100_ban_1,team_100_ban_2,team_100_ban_3,team_100_ban_4,team_100_ban_5,team_200_first_blood,team_200_first_tower,team_200_first_inhibitor,team_200_first_dragon,team_200_first_rift_herald,team_200_first_baron,team_200_dragon_kills,team_200_baron_kills,team_200_tower_kills,team_200_inhibitor_kills,team_200_rift_herald_kills,team_200_ban_1,team_200_ban_2,team_200_ban_3,team_200_ban_4,team_200_ban_5,team_100_top_champion_id,team_100_top_champion_name,team_100_top_kills,team_100_top_deaths,team_100_top_assists,team_100_top_gold,team_100_top_cs,team_100_top_vision,team_100_top_kda,team_100_jungle_champion_id,team_100_jungle_champion_name,team_100_jungle_kills,team_100_jungle_deaths,team_100_jungle_assists,team_100_jungle_gold,team_100_jungle_cs,team_100_jungle_vision,team_100_jungle_kda,team_100_mid_champion_id,team_100_mid_champion_name,team_100_mid_kills,team_100_mid_deaths,team_100_mid_assists,team_100_mid_gold,team_100_mid_cs,team_100_mid_vision,team_100_mid_kda,team_100_adc_champion_id,team_100_adc_champion_name,team_100_adc_kills,team_100_adc_deaths,team_100_adc_assists,team_100_adc_gold,team_100_adc_cs,team_100_adc_vision,team_100_adc_kda,team_100_support_champion_id,team_100_support_champion_name,team_100_support_kills,team_100_support_deaths,team_100_support_assists,team_100_support_gold,team_100_support_cs,team_100_support_vision,team_100_support_kda,team_200_top_champion_id,team_200_top_champion_name,team_200_top_kills,team_200_top_deaths,team_200_top_assists,team_200_top_gold,team_200_top_cs,team_200_top_vision,team_200_top_kda,team_200_jungle_champion_id,team_200_jungle_champion_name,team_200_jungle_kills,team_200_jungle_deaths,team_200_jungle_assists,team_200_jungle_gold,team_200_jungle_cs,team_200_jungle_vision,team_200_jungle_kda,team_200_mid_champion_id,team_200_mid_champion_name,team_200_mid_kills,team_200_mid_deaths,team_200_mid_assists,team_200_mid_gold,team_200_mid_cs,team_200_mid_vision,team_200_mid_kda,team_200_adc_champion_id,team_200_adc_champion_name,team_200_adc_kills,team_200_adc_deaths,team_200_adc_assists,team_200_adc_gold,team_200_adc_cs,team_200_adc_vision,team_200_adc_kda,team_200_support_champion_id,team_200_support_champion_name,team_200_support_kills,team_200_support_deaths,team_200_support_assists,team_200_support_gold,team_200_support_cs,team_200_support_vision,team_200_support_kda
KR_7959957813,1384,0,0,0,0,0,1,0,1,0,5,0,1,266,122,76,142,145,1,1,1,1,0,0,2,0,8,1,0,427,69,9,24,11,150,Gnar,2,7,2,8328,171,20,0.5714285714285714,246,Qiyana,5,4,4,11547,13,45,2.25,61,Orianna,6,4,2,11206,219,18,2.0,202,Jhin,1,3,3,9490,199,18,1.3333333333333333,518.0,Neeko,1.0,6.0,5.0,5656.0,15.0,62.0,1.0,904,Zaahen,8,4,5,11918,207,11,3.25,64,LeeSin,9,3,5,11082,11,29,4.666666666666667,268,Azir,6,4,4,9871,181,17,2.5,81,Ezreal,0,2,6,9330,200,17,3.0,432,Bard,1,2,12,6869,22,81,6.5
KR_7960016366,1423,1,1,1,1,1,1,0,2,0,10,2,1,11,-1,9,-1,68,0,0,0,0,0,0,1,0,1,0,0,35,166,-1,904,68,18,Tristana,19,3,5,18672,180,14,8.0,126,Jayce,7,6,14,12116,11,18,3.5,61,Orianna,4,2,10,9479,188,23,7.0,44,Taric,2,3,19,8587,94,20,7.0,117.0,Lulu,1.0,3.0,19.0,7046.0,17.0,68.0,6.666666666666667,110,Varus,3,10,5,8572,137,19,0.8,64,LeeSin,4,7,6,8516,9,20,1.4285714285714286,112,Viktor,0,3,8,8905,192,9,2.6666666666666665,804,Yunara,9,6,4,13602,194,14,2.1666666666666665,497,Rakan,1,7,14,6659,24,62,2.142857142857143
KR_7959988346,1462,1,1,1,1,1,1,0,1,0,11,2,1,9,236,11,10,143,0,0,0,0,0,0,1,0,0,0,0,122,266,119,429,-1,68,Rumble,6,4,8,9791,154,8,3.5,246,Qiyana,12,4,5,15291,20,22,4.25,163,Taliyah,9,3,8,14620,217,16,5.666666666666667,804,Yunara,7,5,6,14784,205,22,2.6,555.0,Pyke,7.0,4.0,17.0,11073.0,28.0,99.0,6.0,904,Zaahen,0,7,4,6748,132,17,0.5714285714285714,427,Ivern,3,7,8,8799,10,28,1.5714285714285714,126,Jayce,10,11,4,12549,197,24,1.2727272727272727,901,Smolder,2,9,4,9936,173,13,0.6666666666666666,497,Rakan,5,7,9,8245,32,75,2.0
KR_7959926084,1863,1,1,0,1,0,1,1,3,1,10,2,1,266,-1,76,11,68,0,1,0,1,0,0,2,0,1,0,0,166,246,69,950,142,54,Malphite,4,3,12,13217,228,19,5.333333333333333,126,Jayce,11,3,12,18115,35,66,7.666666666666667,61,Orianna,5,5,13,14018,282,43,3.6,145,Kaisa,13,1,8,17030,263,25,21.0,111.0,Nautilus,1.0,5.0,22.0,8721.0,23.0,122.0,4.6,904,Zaahen,0,8,4,9166,199,24,0.5,121,Khazix,4,5,4,12379,9,29,1.6,800,Mel,5,5,3,13910,276,20,1.6,498,Xayah,8,6,4,15607,252,21,2.0,78,Poppy,0,10,8,6930,34,94,0.8
KR_7959859354,1992,1,1,1,0,0,1,1,1,1,7,0,1,-1,30,-1,11,166,0,0,0,1,0,0,3,0,3,0,0,9,266,246,518,166,904,Zaahen,11,3,11,17754,280,24,7.333333333333333,80,Pantheon,8,6,6,13753,12,29,2.3333333333333335,7,Leblanc,5,4,7,12454,213,42,3.0,523,Aphelios,13,8,6,19613,250,19,2.375,12.0,Alistar,1.0,4.0,17.0,9034.0,12.0,90.0,4.5,799,Ambessa,4,9,10,11610,187,20,1.5555555555555556,200,Belveth,10,6,10,17045,77,44,3.3333333333333335,61,Orianna,4,8,8,12606,246,24,1.5,110,Varus,6,8,10,14093,209,32,2.0,78,Poppy,1,7,9,7557,19,102,1.4285714285714286
KR_7959736977,1642,1,0,0,1,0,1,1,2,1,7,1,1,246,166,15,64,85,1,1,0,1,0,0,1,0,2,0,0,246,78,266,111,-1,122,Darius,8,3,4,13420,211,15,4.0,91,Talon,13,5,12,15338,13,39,5.0,61,Orianna,4,2,16,11510,239,41,10.0,81,Ezreal,11,7,9,13542,191,16,2.857142857142857,432.0,Bard,3.0,6.0,25.0,9384.0,32.0,96.0,4.666666666666667,126,Jayce,7,6,3,14999,233,29,1.6666666666666667,9,FiddleSticks,4,10,8,9025,16,41,1.2,3,Galio,3,3,3,9758,200,20,2.0,804,Yunara,7,9,7,13001,218,28,1.5555555555555556,497,Rakan,2,11,13,7402,16,74,1.3636363636363635
KR_7959820615,930,0,1,0,0,0,0,0,0,0,0,0,0,427,-1,266,126,85,0,1,0,1,0,0,2,0,3,0,0,9,-1,246,166,-1,904,Zaahen,0,5,0,4232,88,8,0.0,154,Zac,0,5,2,4692,16,19,0.4,7,Leblanc,3,5,0,5811,102,9,0.6,804,Yunara,1,1,0,6030,138,9,1.0,117.0,Lulu,1.0,1.0,1.0,3913.0,22.0,30.0,2.0,897,KSante,3,0,2,6836,127,5,5.0,36,DrMundo,1,2,2,5712,3,19,1.5,61,Orianna,7,1,1,8065,150,13,8.0,145,Kaisa,6,0,0,7998,147,15,6.0,78,Poppy,0,2,9,4486,14,29,4.5
KR_7958164964,1535,1,1,1,1,0,1,0,1,0,10,2,1,10,555,11,9,904,0,0,0,1,0,0,2,0,1,0,0,-1,84,266,246,61,68,Rumble,6,5,11,11363,166,19,3.4,126,Jayce,12,2,17,16546,53,28,14.5,893,Aurora,20,2,9,16194,192,15,14.5,804,Yunara,5,4,8,11114,176,16,3.25,12.0,Alistar,1.0,7.0,21.0,8006.0,25.0,76.0,3.142857142857143,2,Olaf,7,8,3,10084,176,19,1.25,200,Belveth,4,7,5,9905,26,21,1.2857142857142858,163,Taliyah,2,13,6,9247,177,12,0.6153846153846154,236,Lucian,4,10,3,9521,168,20,0.7,267,Nami,3,6,9,7181,27,73,2.0
KR_7958136602,1890,0,0,1,0,0,1,0,1,0,4,0,1,246,800,78,145,266,1,0,1,1,0,1,3,1,9,1,0,126,246,142,234,11,2,Olaf,9,11,5,13622,189,24,1.2727272727272727,60,Elise,9,7,5,12962,21,42,2.0,61,Orianna,2,2,5,12943,267,19,3.5,81,Ezreal,6,11,3,13319,232,16,0.8181818181818182,555.0,Pyke,0.0,9.0,8.0,7965.0,25.0,116.0,0.8888888888888888,54,Malphite,4,5,16,11388,193,31,4.0,80,Pantheon,13,6,11,15200,13,32,4.0,163,Taliyah,3,4,13,12716,233,27,4.0,804,Yunara,15,5,12,18013,252,40,5.4,497,Rakan,5,6,28,10830,37,105,5.5
KR_7958103249,1943,1,1,1,1,1,1,1,4,1,8,1,1,78,166,245,60,246,0,0,0,0,0,0,0,0,1,0,0,114,166,11,517,246,68,Rumble,12,8,4,15728,213,29,2.0,64,LeeSin,14,1,12,16666,32,47,26.0,163,Taliyah,10,4,13,16198,268,36,5.75,81,Ezreal,6,6,16,15413,237,31,3.6666666666666665,89.0,Leona,1.0,4.0,22.0,10531.0,37.0,130.0,5.75,799,Ambessa,3,10,4,11178,214,25,0.7,203,Kindred,5,11,5,13023,34,41,0.9090909090909091,103,Ahri,7,9,6,14498,241,37,1.4444444444444444,804,Yunara,5,5,7,15816,312,27,2.4,12,Alistar,3,8,13,9675,38,113,2.0
KR_7958063357,1703,1,0,1,1,1,1,1,1,1,9,2,1,40,246,166,122,60,1,0,0,0,0,0,2,0,4,0,0,-1,11,78,246,9,904,Zaahen,3,8,2,10063,197,21,0.625,126,Jayce,9,4,7,14627,21,40,4.0,910,Hwei,6,3,7,14887,246,26,4.333333333333333,804,Yunara,9,5,11,16864,246,28,4.0,43.0,Karma,2.0,4.0,21.0,9296.0,31.0,101.0,5.75,85,Kennen,3,2,11,13003,238,18,7.0,799,Ambessa,11,6,4,13290,39,33,2.5,61,Orianna,4,6,6,10550,208,30,1.6666666666666667,145,Kaisa,5,8,3,12175,229,25,1.0,518,Neeko,1,7,6,7199,33,89,1.0
KR_7958021092,1242,1,1,1,0,1,1,0,3,0,6,0,1,-1,166,-1,246,92,0,0,0,0,0,0,0,0,0,0,0,166,-1,20,-1,-1,897,KSante,2,2,4,8192,186,14,3.0,126,Jayce,6,2,5,10653,11,19,5.5,134,Syndra,2,2,6,9154,177,13,4.0,81,Ezreal,10,4,4,11778,172,18,3.5,432.0,Bard,3.0,6.0,14.0,6946.0,15.0,64.0,2.8333333333333335,799,Ambessa,1,3,2,7289,179,14,1.0,266,Aatrox,4,3,6,9181,15,23,3.3333333333333335,61,Orianna,5,1,2,10223,219,22,7.0,119,Draven,3,11,4,7299,118,10,0.6363636363636364,111,Nautilus,3,5,9,6152,26,73,2.4
KR_7957916578,1693,1,0,1,0,1,1,1,2,1,3,0,1,21,904,64,166,266,1,0,0,0,0,0,2,0,4,0,0,246,555,202,-1,11,41,Gangplank,6,6,6,12600,195,15,2.0,5,XinZhao,3,6,11,10196,5,29,2.3333333333333335,61,Orianna,15,3,10,16782,209,38,8.333333333333334,804,Yunara,6,5,10,13953,236,29,3.2,78.0,Poppy,1.0,6.0,17.0,7954.0,30.0,111.0,3.0,68,Rumble,10,3,4,13023,230,25,4.666666666666667,799,Ambessa,8,6,7,12648,21,30,2.5,126,Jayce,5,7,5,11686,216,33,1.4285714285714286,115,Ziggs,1,9,7,10024,198,19,0.8888888888888888,432,Bard,2,7,15,8439,25,109,2.4285714285714284
KR_7956349652,1848,0,1,0,0,0,0,0,0,0,5,0,0,266,-1,68,142,799,0,1,1,1,1,1,3,1,8,1,1,266,126,804,555,166,887,Gwen,4,8,5,14129,242,35,1.125,246,Qiyana,3,10,9,13270,18,36,1.2,134,Syndra,3,9,9,12409,212,17,1.3333333333333333,901,Smolder,10,11,3,15767,218,23,1.1818181818181819,78.0,Poppy,4.0,10.0,15.0,9425.0,22.0,103.0,1.9,223,TahmKench,5,5,11,11538,161,24,3.2,64,LeeSin,11,10,10,13285,11,36,2.1,61,Orianna,12,3,15,16940,267,33,9.0,202,Jhin,14,4,8,16921,246,20,5.5,432,Bard,6,3,25,11452,21,121,10.333333333333334
KR_7957967897,993,1,0,1,0,1,0,0,2,0,4,0,0,246,-1,39,68,904,1,0,0,0,0,0,0,0,1,0,0,114,518,904,-1,166,887,Gwen,2,3,2,6359,117,8,1.3333333333333333,266,Aatrox,7,1,12,9625,17,19,19.0,61,Orianna,8,1,3,9709,173,13,11.0,110,Varus,3,2,7,9012,151,8,5.0,555.0,Pyke,5.0,4.0,6.0,6165.0,20.0,47.0,2.75,897,KSante,0,2,0,5268,126,2,0.0,799,Ambessa,3,7,1,5575,12,11,0.5714285714285714,268,Azir,2,6,1,6057,125,8,0.5,523,Aphelios,4,6,3,7987,123,16,1.1666666666666667,497,Rakan,2,4,7,5536,14,34,2.25
KR_7956298858,1384,0,0,0,0,0,0,0,1,0,3,0,0,266,-1,-1,166,-1,1,1,0,1,1,0,2,0,3,0,1,119,166,-1,131,799,54,Malphite,3,2,4,7532,139,23,3.5,254,Vi,8,6,4,10832,5,14,2.0,268,Azir,3,5,7,10226,163,14,2.0,42,Corki,4,8,1,10049,191,21,0.625,518.0,Neeko,0.0,10.0,9.0,5906.0,20.0,62.0,0.9,517,Sylas,4,3,4,8399,134,26,2.6666666666666665,246,Qiyana,11,4,7,11530,18,35,4.5,800,Mel,9,3,3,11281,196,17,4.0,236,Lucian,4,5,16,9862,168,22,4.0,267,Nami,3,3,23,7591,13,75,8.666666666666666
KR_7956272396,1708,1,0,0,1,1,1,1,2,1,9,1,1,64,-1,60,-1,9,1,1,0,0,0,0,1,0,1,0,0,904,246,166,164,80,126,Jayce,9,7,9,13225,174,16,2.5714285714285716,266,Aatrox,6,3,11,12186,28,21,5.666666666666667,61,Orianna,6,7,12,12991,211,19,2.5714285714285716,804,Yunara,11,7,14,17532,233,28,3.5714285714285716,117.0,Lulu,7.0,4.0,21.0,10776.0,39.0,102.0,7.0,39,Irelia,6,9,5,12805,210,20,1.2222222222222223,5,XinZhao,7,7,6,11825,16,30,1.8571428571428572,26,Zilean,2,3,9,10377,197,19,3.6666666666666665,21,MissFortune,7,14,5,12613,178,15,0.8571428571428571,555,Pyke,6,6,11,9956,37,111,2.8333333333333335
KR_7956232311,1576,1,1,1,1,0,1,0,1,0,8,1,1,246,-1,799,11,266,0,0,0,1,0,0,2,0,4,0,0,80,78,904,11,9,164,Camille,12,2,6,14045,206,17,9.0,427,Ivern,2,3,12,10501,3,31,4.666666666666667,39,Irelia,2,5,7,9523,174,13,1.8,145,Kaisa,5,6,6,13658,226,23,1.8333333333333333,518.0,Neeko,2.0,4.0,8.0,7512.0,30.0,77.0,2.5,24,Jax,0,10,2,9345,204,14,0.2,64,LeeSin,6,3,12,10359,6,25,6.0,61,Orianna,5,2,10,11650,227,26,7.5,221,Zeri,8,5,7,13769,233,29,3.0,117,Lulu,1,3,14,6857,21,67,5.0
KR_7956172762,1552,0,1,0,0,1,0,0,1,0,3,0,0,-1,-1,76,-1,-1,0,1,1,0,1,0,2,0,9,1,1,-1,266,246,254,166,36,DrMundo,0,5,2,9000,206,19,0.4,126,Jayce,12,8,3,14442,46,29,1.875,61,Orianna,2,8,5,11077,198,16,0.875,81,Ezreal,4,9,9,10173,185,20,1.4444444444444444,78.0,Poppy,5.0,6.0,11.0,7732.0,23.0,73.0,2.6666666666666665,904,Zaahen,13,3,5,15850,193,21,6.0,9,FiddleSticks,6,4,9,11486,27,50,3.75,268,Azir,6,4,2,12278,238,24,2.0,145,Kaisa,11,5,4,14414,200,31,3.0,111,Nautilus,0,7,17,7721,36,68,2.4285714285714284
KR_7956115857,1619,0,0,0,0,0,1,0,0,0,2,0,1,246,78,142,11,-1,1,1,1,1,0,1,3,1,9,1,0,804,-1,266,166,246,14,Sion,3,5,4,10898,239,19,1.4,799,Ambessa,7,6,6,12758,26,37,2.1666666666666665,84,Akali,3,7,3,10150,222,15,0.8571428571428571,110,Varus,3,8,6,10042,198,27,1.125,111.0,Nautilus,1.0,6.0,11.0,6871.0,27.0,74.0,2.0,421,RekSai,4,2,11,14772,221,21,7.5,9,FiddleSticks,5,3,7,10921,16,55,4.0,61,Orianna,6,4,7,13858,251,24,3.25,145,Kaisa,11,6,11,16424,224,21,3.6666666666666665,555,Pyke,6,2,11,10551,33,103,8.5
KR_7958010318,1257,0,0,1,0,0,0,0,0,0,2,0,0,112,-1,145,39,122,1,0,0,1,1,0,2,0,6,0,1,166,-1,68,904,800,799,Ambessa,0,5,0,6546,156,7,0.0,126,Jayce,3,4,1,8097,17,25,1.0,115,Ziggs,0,4,1,7389,173,10,0.25,42,Corki,2,5,1,8890,198,20,0.6,12.0,Alistar,0.0,1.0,2.0,4743.0,21.0,53.0,2.0,14,Sion,2,1,5,8952,196,12,7.0,246,Qiyana,12,1,4,14132,13,27,16.0,517,Sylas,3,0,4,9568,162,14,7.0,110,Varus,0,2,3,8574,181,13,1.5,34,Anivia,2,1,6,6884,57,60,8.0
KR_7956919601,1110,0,0,0,0,0,0,0,0,0,0,0,0,58,7,119,555,246,1,1,0,1,1,0,2,0,6,0,1,30,142,-1,517,126,799,Ambessa,2,8,2,5512,82,2,0.5,36,DrMundo,2,2,2,6117,22,14,2.0,134,Syndra,0,2,2,6207,150,13,1.0,804,Yunara,2,10,0,6539,118,13,0.2,350.0,Yuumi,0.0,10.0,2.0,4000.0,11.0,10.0,0.2,69,Cassiopeia,6,3,0,8843,166,13,2.0,904,Zaahen,10,0,3,9503,9,24,13.0,163,Taliyah,6,0,7,8534,159,13,13.0,145,Kaisa,9,2,8,9814,139,15,8.5,111,Nautilus,1,1,19,5624,20,39,20.0
KR_7957841891,1102,1,1,1,0,1,1,0,2,0,5,0,1,142,266,-1,-1,-1,0,0,0,0,0,0,0,0,0,0,0,246,-1,39,166,126,904,Zaahen,0,1,5,6628,136,10,5.0,62,MonkeyKing,7,1,5,9083,12,22,12.0,61,Orianna,3,1,4,8666,165,10,7.0,42,Corki,8,1,5,10618,163,17,13.0,518.0,Neeko,1.0,2.0,11.0,6208.0,16.0,51.0,6.0,150,Gnar,1,3,0,6643,169,12,0.3333333333333333,799,Ambessa,1,4,1,5946,3,14,0.5,268,Azir,1,3,1,6429,151,9,0.6666666666666666,145,Kaisa,3,5,0,7407,140,17,0.6,117,Lulu,0,4,4,4458,14,25,1.0
KR_7954468409,1664,0,0,0,0,1,0,0,2,0,3,0,0,11,904,432,166,-1,1,1,0,0,1,1,1,1,7,0,1,-1,-1,904,246,122,113,Sejuani,3,9,4,9382,167,32,0.7777777777777778,266,Aatrox,4,4,4,11812,8,24,2.0,777,Yone,2,6,3,10418,224,22,0.8333333333333334,69,Cassiopeia,3,6,8,10421,225,23,1.8333333333333333,78.0,Poppy,5.0,6.0,6.0,8832.0,19.0,65.0,1.8333333333333333,799,Ambessa,10,2,8,14849,227,20,9.0,126,Jayce,6,1,15,12889,29,49,21.0,910,Hwei,8,3,14,13737,210,25,7.333333333333333,804,Yunara,7,7,13,12357,149,25,2.857142857142857,12,Alistar,0,4,16,7235,13,87,4.0
KR_7954428058,1155,1,0,1,0,1,1,0,3,0,4,0,1,246,119,126,166,10,1,0,0,0,0,0,0,0,1,0,0,-1,246,145,10,61,13,Ryze,3,1,1,8152,181,12,4.0,266,Aatrox,5,0,5,8730,7,25,10.0,7,Leblanc,5,0,7,9212,164,13,12.0,21,MissFortune,2,4,7,8300,159,20,2.25,518.0,Neeko,3.0,3.0,6.0,5604.0,24.0,44.0,3.0,68,Rumble,1,1,1,6493,147,12,2.0,799,Ambessa,3,4,0,6466,16,17,0.75,134,Syndra,0,4,1,5727,116,8,0.25,81,Ezreal,4,4,0,7729,164,16,1.0,89,Leona,0,6,3,4539,14,42,0.5
KR_7954438644,1838,1,0,1,1,1,0,1,2,1,7,2,0,-1,-1,246,11,7,1,0,0,0,1,0,2,0,3,0,1,119,24,246,34,166,126,Jayce,6,10,9,12890,215,35,1.5,266,Aatrox,12,5,10,15975,32,39,4.4,163,Taliyah,5,8,9,12019,179,19,1.75,429,Kalista,10,13,8,15098,212,30,1.3846153846153846,888.0,Renata,0.0,6.0,21.0,9190.0,33.0,105.0,3.5,54,Malphite,8,7,4,11289,183,26,1.7142857142857142,200,Belveth,6,8,10,12258,55,32,2.0,142,Zoe,11,3,19,12526,185,25,10.0,21,MissFortune,12,11,7,13535,181,29,1.7272727272727273,78,Poppy,5,4,19,8788,16,87,6.0
KR_7954397160,916,1,0,1,0,1,0,0,2,0,3,0,0,142,10,904,-1,-1,1,0,0,0,0,0,0,0,0,0,0,-1,-1,61,246,11,76,Nidalee,6,4,2,7618,113,8,2.0,266,Aatrox,4,0,9,7475,4,18,13.0,126,Jayce,5,2,3,7571,127,7,4.0,800,Mel,7,1,0,7712,129,4,7.0,89.0,Leona,0.0,4.0,7.0,4266.0,13.0,24.0,1.75,39,Irelia,4,6,3,6718,104,7,1.1666666666666667,59,JarvanIV,1,5,3,4597,9,13,0.8,38,Kassadin,1,3,3,4359,82,9,1.3333333333333333,523,Aphelios,5,5,1,6286,87,8,1.2,412,Thresh,0,3,5,3836,17,30,1.6666666666666667
KR_7954357446,1111,0,1,0,0,0,0,0,0,0,0,0,0,120,11,126,246,61,0,1,0,1,0,0,1,0,4,0,0,200,11,166,30,246,68,Rumble,0,2,1,5568,136,10,0.5,799,Ambessa,3,6,2,6455,6,11,0.8333333333333334,163,Taliyah,2,2,1,6550,138,16,1.5,236,Lucian,2,3,3,6606,126,14,1.6666666666666667,201.0,Braum,1.0,1.0,5.0,4683.0,26.0,45.0,6.0,13,Ryze,3,0,1,9882,204,15,4.0,266,Aatrox,9,0,2,9325,11,27,11.0,134,Syndra,2,3,2,7722,171,15,1.3333333333333333,804,Yunara,0,2,3,6235,138,21,1.5,78,Poppy,0,3,4,4603,13,43,1.3333333333333333
KR_7954327349,923,0,0,0,0,0,0,0,0,0,0,0,0,166,246,-1,266,555,1,1,0,1,0,0,2,0,1,0,0,266,246,799,-1,904,150,Gnar,1,0,0,5984,152,7,1.0,5,XinZhao,0,3,1,4825,11,17,0.3333333333333333,18,Tristana,0,2,0,5418,143,6,0.0,115,Ziggs,0,4,1,4450,93,7,0.25,89.0,Leona,2.0,2.0,0.0,4052.0,20.0,38.0,1.0,897,KSante,0,1,0,4417,104,9,0.0,9,FiddleSticks,5,1,2,6535,4,30,7.0,777,Yone,0,0,6,5510,125,8,6.0,145,Kaisa,4,0,0,7764,152,11,4.0,78,Poppy,2,2,4,4533,19,39,3.0
KR_7953412636,1241,0,1,0,0,0,1,0,0,0,2,0,1,266,804,-1,9,122,0,1,0,1,0,0,2,0,4,0,0,555,166,9,246,799,126,Jayce,1,7,2,7207,155,15,0.42857142857142855,904,Zaahen,2,3,0,7463,17,24,0.6666666666666666,800,Mel,6,6,0,10017,175,15,1.0,110,Varus,2,5,1,7257,159,17,0.6,60.0,Elise,1.0,7.0,5.0,6033.0,35.0,69.0,0.8571428571428571,68,Rumble,3,3,5,9399,175,14,2.6666666666666665,64,LeeSin,11,1,6,10629,13,20,17.0,61,Orianna,2,2,7,9950,213,15,4.5,145,Kaisa,5,4,6,8818,172,18,2.75,7,Leblanc,7,2,13,8628,26,56,10.0
KR_7953315829,1627,1,1,1,1,0,1,1,1,1,8,1,1,246,904,-1,13,-1,0,0,0,1,0,0,2,0,3,0,0,119,60,61,11,-1,799,Ambessa,20,3,10,18062,190,11,10.0,126,Jayce,6,7,10,11466,29,30,2.2857142857142856,55,Katarina,1,4,10,10770,192,21,2.75,202,Jhin,10,3,10,14327,234,31,6.666666666666667,526.0,Rell,2.0,7.0,16.0,8436.0,17.0,75.0,2.5714285714285716,6,Urgot,4,13,3,10226,143,20,0.5384615384615384,887,Gwen,11,4,4,13722,37,27,3.75,897,KSante,1,6,14,10118,215,18,2.5,21,MissFortune,4,11,11,12102,171,17,1.3636363636363635,432,Bard,3,5,15,7593,21,95,3.6
KR_7952600407,2321,0,0,0,1,1,1,1,2,1,9,2,1,-1,166,-1,246,11,1,1,0,0,0,0,3,1,7,1,0,61,897,246,799,904,126,Jayce,5,8,13,16562,245,39,2.25,266,Aatrox,11,6,10,17154,34,39,3.5,893,Aurora,3,8,7,13685,284,35,1.25,81,Ezreal,19,10,9,22453,283,27,2.8,518.0,Neeko,0.0,12.0,20.0,10378.0,36.0,112.0,1.6666666666666667,2,Olaf,4,7,4,13553,217,29,1.1428571428571428,517,Sylas,16,8,8,16903,36,37,3.0,236,Lucian,4,7,8,17350,358,30,1.7142857142857142,22,Ashe,19,13,10,22660,270,39,2.230769230769231,117,Lulu,1,3,33,12318,38,153,11.333333333333334
KR_7952575067,1249,1,1,1,0,0,1,0,1,0,5,0,1,-1,268,78,517,166,0,0,0,1,0,0,1,0,2,0,0,245,78,11,266,904,68,Rumble,5,2,5,8931,165,15,5.0,59,JarvanIV,8,4,11,10021,13,40,4.75,26,Zilean,4,0,14,9819,165,13,18.0,804,Yunara,11,2,5,12604,174,22,8.0,526.0,Rell,1.0,5.0,23.0,6695.0,16.0,56.0,4.8,893,Aurora,4,5,1,7601,131,9,1.0,9,FiddleSticks,3,7,3,7342,11,29,0.8571428571428571,777,Yone,2,5,0,7822,183,7,0.4,22,Ashe,4,6,2,7956,154,13,1.0,12,Alistar,0,6,9,5401,11,58,1.5
KR_7952532085,1654,1,1,0,1,1,1,1,2,1,8,1,1,266,804,904,11,200,0,1,0,0,0,0,1,0,3,0,0,246,555,-1,266,142,799,Ambessa,12,1,7,13545,189,15,19.0,9,FiddleSticks,13,1,13,14407,33,80,26.0,61,Orianna,12,1,11,15462,243,22,23.0,145,Kaisa,2,10,11,9547,138,16,1.3,78.0,Poppy,4.0,2.0,25.0,9809.0,21.0,85.0,14.5,897,KSante,2,6,0,10304,219,24,0.3333333333333333,238,Zed,5,8,3,9006,33,28,1.0,163,Taliyah,2,9,6,10141,191,15,0.8888888888888888,15,Sivir,4,9,4,11568,218,19,0.8888888888888888,12,Alistar,2,11,6,6760,23,76,0.7272727272727273
KR_7952493105,1535,0,0,0,0,0,1,0,0,0,4,0,1,-1,120,246,78,61,1,1,0,1,0,0,4,0,5,0,0,119,-1,266,10,166,799,Ambessa,2,7,2,8497,175,31,0.5714285714285714,76,Nidalee,12,6,7,11610,24,39,3.1666666666666665,777,Yone,2,7,9,10265,194,15,1.5714285714285714,81,Ezreal,2,5,6,9573,214,16,1.6,89.0,Leona,1.0,7.0,13.0,6554.0,15.0,72.0,2.0,68,Rumble,6,4,8,9972,165,30,3.5,11,MasterYi,16,0,8,16042,46,38,24.0,103,Ahri,7,2,6,12638,238,26,6.5,236,Lucian,3,4,9,10160,213,27,3.0,201,Braum,0,9,16,6742,16,80,1.7777777777777777
KR_7952440535,1261,0,0,0,0,0,0,0,0,0,1,0,0,60,9,266,246,799,1,1,1,1,1,0,2,0,6,1,1,-1,910,166,9,-1,14,Sion,2,3,1,7785,172,11,1.0,517,Sylas,4,9,1,7454,8,19,0.5555555555555556,268,Azir,2,4,2,7455,181,6,1.0,221,Zeri,3,4,1,8753,186,17,1.0,117.0,Lulu,0.0,6.0,6.0,4983.0,21.0,41.0,1.0,904,Zaahen,1,2,1,8493,191,20,1.0,126,Jayce,16,1,3,15240,22,27,19.0,61,Orianna,3,3,13,9504,179,16,5.333333333333333,42,Corki,2,5,5,8355,160,9,1.4,78,Poppy,4,1,14,7177,20,59,18.0
KR_7951921619,1212,1,1,1,0,1,1,0,2,0,4,0,1,799,61,555,246,904,0,0,0,0,0,0,0,0,0,0,0,246,-1,-1,61,78,41,Gangplank,1,2,12,8400,143,11,6.5,131,Diana,7,1,8,9914,23,11,15.0,166,Akshan,13,0,5,11230,168,16,18.0,21,MissFortune,5,2,15,9527,150,18,10.0,12.0,Alistar,2.0,3.0,17.0,5990.0,20.0,49.0,6.333333333333333,68,Rumble,2,2,1,8623,184,13,1.5,200,Belveth,2,7,1,6825,4,16,0.42857142857142855,14,Sion,0,4,2,6136,144,15,0.5,429,Kalista,3,6,1,7870,168,19,0.6666666666666666,44,Taric,1,9,4,5096,30,45,0.5555555555555556
KR_7952377481,1152,1,1,1,0,0,1,0,1,0,5,0,1,-1,-1,7,78,24,0,0,0,1,0,0,2,0,1,0,0,126,799,61,246,-1,157,Yasuo,6,2,3,9306,156,11,4.5,904,Zaahen,5,3,9,9137,6,29,4.666666666666667,112,Viktor,3,1,9,9508,166,12,12.0,800,Mel,10,2,6,11161,159,14,8.0,555.0,Pyke,2.0,4.0,9.0,5993.0,16.0,58.0,2.75,27,Singed,1,4,3,7056,171,12,1.0,266,Aatrox,2,5,6,6563,5,11,1.6,166,Akshan,4,5,2,8333,142,12,1.2,81,Ezreal,3,9,2,7322,105,13,0.5555555555555556,497,Rakan,1,4,9,4965,18,39,2.5
KR_7950809762,1567,0,1,1,0,1,1,0,1,0,2,0,1,21,246,-1,134,266,0,0,1,0,0,1,1,1,8,1,0,157,12,107,-1,24,68,Rumble,9,8,5,12710,164,19,1.75,799,Ambessa,5,6,4,10069,29,20,1.5,711,Vex,7,9,3,11789,192,20,1.1111111111111112,145,Kaisa,2,10,9,9649,184,15,1.1,555.0,Pyke,6.0,12.0,9.0,8661.0,18.0,74.0,1.25,166,Akshan,7,10,6,10492,140,26,1.3,126,Jayce,13,6,16,17932,65,34,4.833333333333333,517,Sylas,8,3,9,13058,177,16,5.666666666666667,69,Cassiopeia,14,5,11,13877,190,18,5.0,53,Blitzcrank,3,5,26,9303,13,87,5.8
KR_7950240346,1562,0,1,0,0,0,1,0,0,0,3,0,1,10,-1,200,-1,122,0,1,1,1,0,0,3,0,8,2,0,799,246,-1,10,7,126,Jayce,6,10,4,11191,197,20,1.0,62,MonkeyKing,3,7,4,10449,16,34,1.0,61,Orianna,4,5,5,11314,237,27,1.8,145,Kaisa,3,5,4,12144,232,16,1.4,518.0,Neeko,0.0,8.0,9.0,6658.0,35.0,89.0,1.125,39,Irelia,10,7,6,13032,189,17,2.2857142857142856,266,Aatrox,5,3,12,11015,15,24,5.666666666666667,112,Viktor,8,2,10,13119,233,27,9.0,202,Jhin,12,1,9,14693,224,22,21.0,432,Bard,0,3,26,8280,20,107,8.666666666666666
KR_7961003616,2406,0,1,1,1,0,1,1,1,2,6,1,1,266,246,78,61,68,0,0,0,1,0,0,4,0,8,1,0,60,64,518,-1,142,126,Jayce,7,5,8,20524,312,35,3.0,76,Nidalee,3,6,8,15122,35,70,1.8333333333333333,3,Galio,2,7,7,13509,242,39,1.2857142857142858,236,Lucian,14,6,5,23935,349,53,3.1666666666666665,201.0,Braum,1.0,7.0,18.0,11858.0,31.0,160.0,2.7142857142857144,897,KSante,10,4,10,16613,255,28,5.0,5,XinZhao,5,5,15,15708,33,53,4.0,268,Azir,7,5,5,19281,361,44,2.4,81,Ezreal,8,6,13,17764,297,43,3.5,7,Leblanc,1,7,13,9708,31,141,2.0
KR_7959924563,1784,1,0,0,1,0,1,1,3,1,8,1,1,11,78,91,266,126,1,1,0,1,0,0,1,0,3,0,0,246,122,142,-1,-1,904,Zaahen,1,4,11,12056,196,23,3.0,9,FiddleSticks,7,5,11,12051,23,103,3.6,112,Viktor,7,3,9,13380,222,27,5.333333333333333,236,Lucian,12,3,8,17275,251,25,6.666666666666667,555.0,Pyke,10.0,5.0,12.0,11730.0,31.0,106.0,4.4,150,Gnar,3,8,6,11824,231,33,1.125,799,Ambessa,3,8,6,10543,18,50,1.125,7,Leblanc,6,4,4,13127,212,33,2.5,804,Yunara,5,8,9,13564,214,24,1.75,111,Nautilus,3,9,9,8080,33,86,1.3333333333333333
KR_7961110148,1304,1,0,0,0,1,0,0,1,0,3,0,0,904,69,11,142,-1,1,1,0,0,1,0,1,0,2,0,1,5,266,-1,12,-1,799,Ambessa,1,6,2,7702,183,15,0.5,246,Qiyana,3,2,4,9271,10,19,3.5,61,Orianna,4,2,4,8845,182,19,4.0,804,Yunara,9,2,4,11622,188,16,6.5,518.0,Neeko,2.0,1.0,10.0,6406.0,18.0,74.0,12.0,39,Irelia,4,3,0,10296,199,14,1.3333333333333333,234,Viego,3,2,5,9191,12,16,4.0,7,Leblanc,3,2,2,8398,163,23,2.5,523,Aphelios,2,6,4,7769,153,17,1.0,201,Braum,1,6,3,5196,19,70,0.6666666666666666
KR_7959831023,1733,1,1,1,1,1,0,1,1,1,9,1,0,-1,142,23,246,78,0,0,0,0,1,0,3,0,3,0,1,555,904,-1,-1,246,68,Rumble,11,6,8,14482,192,40,3.1666666666666665,126,Jayce,11,7,6,15930,20,46,2.4285714285714284,13,Ryze,4,7,9,12197,228,27,1.8571428571428572,202,Jhin,7,0,18,16309,241,20,25.0,800.0,Mel,9.0,7.0,20.0,11470.0,25.0,104.0,4.142857142857143,14,Sion,5,3,6,11929,194,20,3.6666666666666665,203,Kindred,8,7,7,12712,21,42,2.142857142857143,163,Taliyah,6,8,9,12923,217,18,1.875,51,Caitlyn,3,10,4,11009,215,21,0.7,60,Elise,5,14,12,9122,11,87,1.2142857142857142
KR_7959665437,1808,0,0,1,0,0,0,0,1,0,2,0,0,800,904,246,555,64,1,0,1,1,1,1,3,1,7,2,1,134,42,-1,61,246,126,Jayce,6,7,2,13921,220,31,1.1428571428571428,266,Aatrox,6,6,5,11442,15,55,1.8333333333333333,112,Viktor,4,5,5,12892,251,25,1.8,110,Varus,3,9,5,10988,189,21,0.8888888888888888,34.0,Anivia,2.0,4.0,11.0,8749.0,42.0,104.0,3.25,799,Ambessa,7,4,7,14139,212,22,3.5,60,Elise,4,5,7,11362,22,45,2.2,45,Veigar,8,3,8,14170,239,35,5.333333333333333,804,Yunara,12,4,5,15793,254,35,4.25,12,Alistar,0,5,21,9131,20,109,4.2
KR_7959877864,1365,0,1,1,0,0,1,0,1,0,2,0,1,64,904,-1,78,246,0,0,0,1,0,0,2,0,5,0,0,-1,555,122,804,-1,893,Aurora,4,4,2,8699,151,18,1.5,91,Talon,6,6,4,9379,26,24,1.6666666666666667,134,Syndra,2,2,3,8962,206,21,2.5,236,Lucian,2,5,3,8981,141,29,1.0,201.0,Braum,2.0,3.0,9.0,6038.0,12.0,51.0,3.6666666666666665,83,Yorick,2,4,4,8473,143,15,1.5,126,Jayce,11,1,4,13824,27,25,15.0,268,Azir,2,2,5,9363,213,34,3.5,44,Taric,3,7,11,8368,137,10,2.0,350,Yuumi,2,2,14,7066,30,51,8.0
KR_7959745788,1745,0,1,1,0,0,1,0,0,0,5,0,1,11,166,68,30,266,0,0,1,1,0,1,4,1,7,1,0,-1,246,-1,11,-1,126,Jayce,5,5,8,12286,218,15,2.6,799,Ambessa,6,6,6,12006,14,33,2.0,69,Cassiopeia,4,3,5,12633,260,27,3.0,145,Kaisa,5,4,3,12507,256,20,2.0,78.0,Poppy,1.0,5.0,7.0,7335.0,31.0,89.0,1.6,58,Renekton,3,6,6,11484,213,24,1.5,904,Zaahen,6,5,10,13787,15,21,3.2,134,Syndra,3,3,8,13919,271,29,3.6666666666666665,221,Zeri,10,2,5,16745,288,33,7.5,12,Alistar,1,5,16,8059,17,80,3.4
KR_7959172797,1771,1,1,1,1,0,1,1,1,1,9,2,1,-1,-1,10,-1,-1,0,0,0,1,0,0,2,0,2,0,0,266,119,246,27,10,68,Rumble,9,2,7,15963,251,29,8.0,126,Jayce,5,3,10,14166,25,53,5.0,3,Galio,0,3,4,9465,214,24,1.3333333333333333,81,Ezreal,7,2,8,14920,280,30,7.5,78.0,Poppy,1.0,3.0,16.0,8875.0,29.0,98.0,5.666666666666667,799,Ambessa,2,4,2,10162,218,23,1.0,143,Zyra,4,4,4,11239,29,48,2.0,134,Syndra,1,3,4,11498,262,29,1.6666666666666667,804,Yunara,5,6,1,13228,264,33,1.0,201,Braum,1,5,6,6702,30,89,1.4
KR_7959496879,1387,0,1,1,0,0,0,0,0,0,1,0,0,246,61,78,-1,30,0,0,1,1,1,0,3,0,8,1,1,119,895,246,120,126,904,Zaahen,1,7,5,7466,125,12,0.8571428571428571,799,Ambessa,1,4,4,8275,25,16,1.25,800,Mel,6,4,0,10756,207,17,1.5,15,Sivir,3,7,3,8070,141,10,0.8571428571428571,12.0,Alistar,0.0,7.0,4.0,5113.0,28.0,44.0,0.5714285714285714,24,Jax,5,3,6,10967,167,21,3.6666666666666665,143,Zyra,6,1,11,11641,32,29,17.0,268,Azir,9,3,4,11224,195,13,4.333333333333333,236,Lucian,8,3,3,11449,195,27,3.6666666666666665,201,Braum,1,1,21,7387,22,71,22.0
KR_7959269206,926,0,1,0,0,0,0,0,0,0,1,0,0,21,166,246,112,799,0,1,0,1,0,0,1,0,2,0,0,904,-1,799,246,-1,421,RekSai,1,3,2,5107,92,8,1.0,143,Zyra,2,5,2,6466,27,19,0.8,800,Mel,3,5,1,5785,108,6,0.8,202,Jhin,0,1,2,5320,118,8,2.0,12.0,Alistar,1.0,3.0,4.0,4269.0,16.0,28.0,1.6666666666666667,14,Sion,4,0,1,7421,134,7,5.0,126,Jayce,5,3,6,8347,6,14,3.6666666666666665,134,Syndra,5,1,2,6982,125,9,7.0,145,Kaisa,2,1,0,6587,139,10,2.0,89,Leona,1,2,9,4827,14,22,5.0
KR_7959446472,911,1,0,0,0,1,0,0,1,0,0,0,0,904,-1,555,143,518,1,0,0,0,0,0,0,0,0,0,0,246,61,33,904,69,98,Shen,2,0,1,5003,109,7,3.0,266,Aatrox,2,1,8,6018,2,14,10.0,163,Taliyah,5,2,5,7252,140,14,5.0,804,Yunara,5,2,5,6749,117,14,5.0,526.0,Rell,2.0,1.0,11.0,4903.0,17.0,31.0,13.0,14,Sion,0,1,0,4464,111,10,0.0,64,LeeSin,1,4,2,4676,1,14,0.75,13,Ryze,2,3,0,5643,128,12,0.6666666666666666,42,Corki,3,4,0,5522,109,8,0.75,12,Alistar,0,4,3,3667,16,30,0.75
KR_7956029395,2013,1,1,1,1,1,1,0,3,0,8,1,1,112,51,246,518,114,0,0,0,0,0,1,1,1,3,0,0,432,142,-1,30,246,126,Jayce,7,9,16,15769,226,35,2.5555555555555554,266,Aatrox,5,4,10,13140,39,64,3.75,800,Mel,15,8,5,18504,226,14,2.5,15,Sivir,5,4,21,16557,270,49,6.5,78.0,Poppy,3.0,9.0,12.0,9045.0,30.0,129.0,1.6666666666666667,904,Zaahen,7,6,6,14715,220,32,2.1666666666666665,59,JarvanIV,5,8,21,13859,17,51,3.25,13,Ryze,10,6,7,15661,253,28,2.8333333333333335,81,Ezreal,9,9,10,14197,215,18,2.111111111111111,497,Rakan,3,6,18,9209,23,109,3.5
KR_7958625207,1842,0,1,1,0,1,1,0,1,0,2,0,1,246,-1,555,85,24,0,0,1,0,0,1,3,1,10,2,0,11,60,80,-1,246,122,Darius,12,3,5,16607,260,20,5.666666666666667,234,Viego,6,10,10,12160,19,43,1.6,3,Galio,2,8,3,9375,190,25,0.625,901,Smolder,5,10,10,13318,222,14,1.5,22.0,Ashe,2.0,14.0,13.0,8936.0,39.0,97.0,1.0714285714285714,904,Zaahen,8,7,13,13646,174,30,3.0,56,Nocturne,13,3,13,15389,32,41,8.666666666666666,800,Mel,8,3,8,15540,242,32,5.333333333333333,145,Kaisa,16,8,7,18801,236,25,2.875,111,Nautilus,0,7,28,8653,16,91,4.0
KR_7958988407,978,1,1,0,0,0,1,0,0,0,3,0,1,-1,61,246,69,555,0,1,0,1,0,0,1,0,1,0,0,30,555,-1,78,11,68,Rumble,0,4,7,5320,99,7,1.75,54,Malphite,3,4,8,6489,5,14,2.75,166,Akshan,15,1,4,11168,116,11,19.0,42,Corki,3,1,10,7038,119,9,13.0,43.0,Karma,0.0,3.0,12.0,4741.0,21.0,24.0,4.0,3,Galio,4,4,2,6277,107,7,1.5,266,Aatrox,5,3,7,7895,6,12,4.0,13,Ryze,0,4,3,5601,141,7,0.75,804,Yunara,1,5,1,5027,91,8,0.4,7,Leblanc,3,5,5,5169,25,39,1.6
KR_7958538309,1550,0,1,0,0,0,1,0,0,0,3,0,1,122,904,266,246,69,0,1,0,1,0,0,3,0,5,0,0,518,30,-1,11,35,68,Rumble,1,2,0,9983,239,11,0.5,126,Jayce,0,6,3,8600,5,22,0.5,268,Azir,4,7,1,10635,220,15,0.7142857142857143,42,Corki,8,4,1,12048,224,26,2.25,12.0,Alistar,0.0,6.0,9.0,6328.0,19.0,79.0,1.5,799,Ambessa,2,2,1,10895,230,16,1.5,5,XinZhao,6,0,8,11066,18,26,14.0,61,Orianna,7,4,9,12586,211,19,4.0,804,Yunara,7,4,4,12805,244,24,2.75,7,Leblanc,3,3,10,8221,48,84,4.333333333333333
KR_7954151370,1894,1,1,0,1,1,0,0,2,0,11,3,0,800,107,122,518,246,0,1,0,0,1,1,2,1,4,0,1,119,60,-1,-1,-1,126,Jayce,10,7,9,15061,231,32,2.7142857142857144,266,Aatrox,20,3,10,18250,24,41,10.0,893,Aurora,0,8,10,10822,211,36,1.25,42,Corki,18,6,14,20046,254,37,5.333333333333333,12.0,Alistar,0.0,6.0,29.0,9252.0,14.0,92.0,4.833333333333333,799,Ambessa,9,9,4,13995,205,34,1.4444444444444444,5,XinZhao,2,8,10,10463,36,25,1.5,268,Azir,7,7,10,15093,255,27,2.4285714285714284,236,Lucian,7,9,10,17733,237,20,1.8888888888888888,78,Poppy,5,15,12,9672,28,128,1.1333333333333333
KR_7954065374,1751,0,1,0,0,0,1,0,0,0,3,0,1,55,904,119,142,804,0,1,1,1,0,1,4,1,10,2,0,518,246,12,64,-1,69,Cassiopeia,6,11,3,11758,180,19,0.8181818181818182,126,Jayce,10,20,9,12929,27,50,0.95,112,Viktor,5,11,3,11298,171,16,0.7272727272727273,523,Aphelios,9,10,3,15040,228,24,1.2,117.0,Lulu,2.0,9.0,16.0,8959.0,21.0,78.0,2.0,14,Sion,3,4,14,13764,207,25,4.25,91,Talon,23,3,7,21382,29,38,10.0,134,Syndra,15,6,11,16010,242,28,4.333333333333333,236,Lucian,8,8,13,14409,184,24,2.625,7,Leblanc,11,11,14,12684,41,84,2.272727272727273
KR_7953965771,1737,1,0,0,1,0,0,1,2,1,7,1,0,268,-1,58,61,143,1,1,0,1,1,0,2,0,2,0,1,142,61,119,78,107,799,Ambessa,9,4,11,13146,225,14,5.0,246,Qiyana,17,5,21,19253,31,23,7.6,34,Anivia,12,3,14,14221,201,27,8.666666666666666,804,Yunara,13,9,13,18444,223,23,2.888888888888889,555.0,Pyke,7.0,11.0,18.0,11387.0,29.0,110.0,2.272727272727273,24,Jax,2,7,4,11236,222,14,0.8571428571428571,517,Sylas,3,14,9,9455,13,36,0.8571428571428571,126,Jayce,3,14,4,11108,196,18,0.5,523,Aphelios,19,8,4,18542,245,28,2.875,80,Pantheon,5,15,13,9044,24,93,1.2
KR_7953820056,1242,1,1,0,1,0,1,0,1,0,5,1,1,555,122,246,9,518,0,1,0,1,0,0,1,0,2,0,0,112,143,518,432,904,897,KSante,4,0,6,9700,192,11,10.0,76,Nidalee,8,3,4,10063,8,25,4.0,126,Jayce,5,7,1,9682,160,16,0.8571428571428571,22,Ashe,6,3,10,10200,175,21,5.333333333333333,497.0,Rakan,0.0,2.0,16.0,5979.0,22.0,55.0,8.0,41,Gangplank,1,4,1,7522,135,13,0.5,266,Aatrox,5,3,5,8728,10,28,3.3333333333333335,61,Orianna,2,6,5,7976,160,4,1.1666666666666667,804,Yunara,5,5,4,10260,189,22,1.8,117,Lulu,2,5,3,5363,24,46,1.0
KR_7949104707,1819,0,1,1,0,0,1,0,1,0,3,0,1,69,68,166,-1,904,0,0,0,1,0,1,3,1,5,0,0,61,134,518,555,-1,150,Gnar,3,6,4,11019,204,27,1.1666666666666667,246,Qiyana,7,6,6,12997,3,31,2.1666666666666665,13,Ryze,6,6,10,12417,250,39,2.6666666666666665,804,Yunara,7,5,8,14040,250,22,3.0,497.0,Rakan,2.0,7.0,10.0,7912.0,47.0,81.0,1.7142857142857142,897,KSante,7,3,15,14365,217,29,7.333333333333333,266,Aatrox,1,9,12,9703,21,48,1.4444444444444444,45,Veigar,16,1,12,18223,271,18,28.0,221,Zeri,6,8,14,14483,255,29,2.5,117,Lulu,0,4,25,8448,35,99,6.25
KR_7948955906,1829,1,1,1,1,1,0,1,3,1,10,1,0,7,126,166,142,119,0,0,0,0,1,0,1,0,1,0,1,555,-1,266,39,804,2,Olaf,7,7,4,12757,215,27,1.5714285714285714,64,LeeSin,11,4,18,15017,19,43,7.25,134,Syndra,9,3,10,17571,229,29,6.333333333333333,81,Ezreal,14,4,11,17065,232,22,6.25,518.0,Neeko,2.0,8.0,22.0,9743.0,45.0,97.0,3.0,799,Ambessa,9,5,6,13587,215,14,3.0,246,Qiyana,4,10,6,12781,15,47,1.0,3,Galio,7,8,8,11942,194,28,1.875,22,Ashe,6,9,7,14077,248,41,1.4444444444444444,147,Seraphine,0,11,17,7447,28,74,1.5454545454545454
KR_7948888868,913,1,0,1,0,1,0,0,1,0,4,0,0,30,142,84,904,555,1,0,0,0,0,0,0,0,0,0,0,147,518,7,904,246,897,KSante,6,0,0,8040,142,13,6.0,266,Aatrox,4,0,5,6744,5,13,9.0,13,Ryze,3,2,4,6589,125,7,3.5,115,Ziggs,5,0,3,7137,125,9,8.0,432.0,Bard,0.0,1.0,12.0,4423.0,12.0,32.0,12.0,67,Vayne,0,6,0,4022,93,7,0.0,60,Elise,0,1,0,4003,9,18,0.0,39,Irelia,3,6,0,6443,124,4,0.5,145,Kaisa,0,3,0,4422,111,7,0.0,12,Alistar,0,2,0,3400,31,27,0.0
KR_7949204833,1370,1,1,1,1,0,1,0,1,0,8,2,1,518,166,-1,904,420,0,0,0,1,0,0,1,0,3,0,0,246,30,15,61,134,60,Elise,2,5,1,9029,163,13,0.6,126,Jayce,2,2,15,12460,28,37,8.5,7,Leblanc,9,1,9,10946,187,23,18.0,236,Lucian,17,1,5,15326,240,22,22.0,53.0,Blitzcrank,0.0,0.0,16.0,6554.0,21.0,63.0,16.0,897,KSante,3,3,4,9332,204,18,2.3333333333333335,5,XinZhao,1,5,2,7597,10,11,0.6,221,Zeri,1,7,2,9217,191,7,0.42857142857142855,45,Veigar,4,6,0,9716,159,18,0.6666666666666666,432,Bard,0,9,5,5310,30,50,0.5555555555555556
KR_7947610353,1274,1,0,0,0,0,1,0,1,0,5,0,1,799,-1,10,-1,555,1,1,0,1,0,0,2,0,2,0,0,-1,-1,166,-1,904,14,Sion,1,4,6,8193,201,12,1.75,246,Qiyana,6,4,5,10638,12,19,2.75,61,Orianna,3,1,7,9686,198,16,10.0,202,Jhin,7,1,4,10425,164,11,11.0,432.0,Bard,1.0,3.0,12.0,6045.0,24.0,77.0,4.333333333333333,897,KSante,2,2,4,8373,172,17,3.0,517,Sylas,6,3,3,8729,7,19,3.0,18,Tristana,2,6,1,7117,154,16,0.5,21,MissFortune,2,4,5,8573,177,11,1.75,78,Poppy,1,3,7,5600,29,57,2.6666666666666665
KR_7947536129,1566,1,0,1,1,0,0,0,1,0,8,1,0,10,800,68,518,9,1,0,0,1,1,0,2,0,1,0,1,799,246,-1,62,-1,904,Zaahen,6,4,5,12324,192,23,2.75,266,Aatrox,4,5,16,10769,6,28,4.0,268,Azir,6,4,12,12120,217,18,4.5,145,Kaisa,8,2,7,14738,244,15,7.5,432.0,Bard,3.0,6.0,17.0,7754.0,21.0,88.0,3.3333333333333335,897,KSante,0,4,4,8214,205,12,1.0,254,Vi,3,6,11,9277,19,27,2.3333333333333335,84,Akali,13,7,3,12993,197,25,2.2857142857142856,498,Xayah,1,3,4,10060,249,29,1.6666666666666667,78,Poppy,4,7,11,7520,22,77,2.142857142857143
KR_7947355662,1801,0,1,0,0,0,0,0,0,0,3,0,0,266,799,238,122,61,0,1,1,1,1,1,3,1,7,1,1,246,61,-1,518,126,904,Zaahen,2,12,3,9950,178,11,0.4166666666666667,9,FiddleSticks,4,8,9,11205,14,71,1.625,134,Syndra,9,4,6,12606,179,16,3.75,18,Tristana,3,6,7,12435,228,30,1.6666666666666667,555.0,Pyke,7.0,5.0,13.0,11353.0,54.0,154.0,4.0,34,Anivia,7,4,10,11097,154,32,4.25,59,JarvanIV,7,4,18,13212,18,35,6.25,115,Ziggs,10,6,6,13529,185,22,2.6666666666666665,81,Ezreal,11,6,4,16582,266,28,2.5,89,Leona,0,5,18,8184,23,111,3.6
KR_7946574031,958,1,0,1,0,1,1,0,1,0,3,0,1,13,166,24,246,122,1,0,0,0,0,0,0,0,0,0,0,246,134,78,119,55,421,RekSai,2,1,2,7313,152,9,4.0,799,Ambessa,6,0,5,7966,0,11,11.0,163,Taliyah,4,3,3,7374,122,7,2.3333333333333335,22,Ashe,5,3,5,7310,126,10,3.3333333333333335,43.0,Karma,3.0,2.0,11.0,5784.0,18.0,29.0,7.0,14,Sion,0,3,1,5342,139,7,0.3333333333333333,904,Zaahen,5,5,0,6751,9,12,1.0,518,Neeko,3,4,1,6040,114,6,1.0,81,Ezreal,0,4,2,4611,96,10,0.5,89,Leona,1,4,3,4135,26,35,1.0
KR_7946269446,945,0,1,0,0,0,0,0,0,0,0,0,0,246,266,-1,68,61,0,1,0,1,1,0,1,0,2,0,1,555,-1,246,-1,61,904,Zaahen,1,3,1,5305,110,6,0.6666666666666666,5,XinZhao,2,3,3,5227,6,14,1.6666666666666667,893,Aurora,3,0,3,6580,129,11,6.0,42,Corki,2,4,4,5686,86,10,1.5,111.0,Nautilus,3.0,6.0,7.0,4971.0,15.0,42.0,1.6666666666666667,24,Jax,3,1,2,6878,129,10,5.0,143,Zyra,4,2,3,7174,10,15,3.5,157,Yasuo,1,0,6,6283,139,11,7.0,804,Yunara,6,7,3,8281,122,18,1.2857142857142858,117,Lulu,2,1,10,5277,16,33,12.0
KR_7947213389,1616,0,1,1,0,0,1,0,0,0,7,0,1,904,11,64,39,80,0,0,1,1,0,1,4,1,11,3,0,61,29,246,266,122,126,Jayce,1,5,4,11923,253,18,1.0,799,Ambessa,1,6,3,9847,16,11,0.6666666666666666,112,Viktor,2,6,4,11315,207,28,1.0,236,Lucian,4,3,3,10601,211,18,2.3333333333333335,518.0,Neeko,3.0,6.0,5.0,7335.0,33.0,54.0,1.3333333333333333,54,Malphite,3,2,7,11595,216,12,5.0,145,Kaisa,12,2,5,14176,31,20,8.5,10,Kayle,8,0,4,14878,245,16,12.0,804,Yunara,2,4,9,11580,196,14,2.75,201,Braum,1,3,15,8196,20,77,5.333333333333333
KR_7946217138,1526,0,1,0,0,0,1,0,0,0,2,0,1,518,904,76,61,11,0,1,0,1,0,0,3,0,6,0,0,78,119,246,61,-1,893,Aurora,2,4,5,8374,165,17,1.75,64,LeeSin,11,5,11,12793,6,20,4.4,245,Ekko,8,8,6,11806,190,19,1.75,110,Varus,7,12,11,11482,153,13,1.5,32.0,Amumu,1.0,7.0,12.0,6999.0,29.0,74.0,1.8571428571428572,112,Viktor,3,4,6,11371,213,37,2.25,266,Aatrox,5,4,13,12270,15,33,4.5,799,Ambessa,3,7,1,8867,178,9,0.5714285714285714,429,Kalista,14,6,8,14693,175,17,3.6666666666666665,517,Sylas,11,8,15,10852,15,65,3.25
KR_7960307296,1878,1,0,0,1,0,0,1,3,1,9,2,0,555,120,517,-1,61,1,1,0,1,1,0,2,0,5,0,1,114,246,555,13,266,63,Brand,1,8,15,10520,152,25,2.0,80,Pantheon,9,1,12,15364,35,34,21.0,800,Mel,7,3,9,14071,249,27,5.333333333333333,21,MissFortune,13,2,8,18016,264,22,10.5,147.0,Seraphine,2.0,5.0,27.0,11283.0,23.0,122.0,5.8,799,Ambessa,6,7,2,14391,231,23,1.1428571428571428,11,MasterYi,6,8,2,12371,21,19,1.0,14,Sion,0,3,8,11496,230,41,2.6666666666666665,81,Ezreal,6,6,1,12421,267,21,1.1666666666666667,16,Soraka,1,8,10,7682,25,89,1.375
KR_7960353754,1326,0,1,1,0,1,0,0,1,0,2,0,0,64,142,-1,266,246,0,0,0,0,1,0,1,0,3,0,1,246,60,61,10,126,68,Rumble,4,6,0,9368,173,22,0.6666666666666666,11,MasterYi,2,6,2,7830,16,13,0.6666666666666666,517,Sylas,2,5,2,7628,154,8,0.8,804,Yunara,4,5,1,9269,189,12,1.0,201.0,Braum,1.0,5.0,3.0,5272.0,22.0,47.0,0.8,14,Sion,2,3,11,8757,179,22,4.333333333333333,799,Ambessa,17,2,3,13467,11,17,10.0,103,Ahri,4,1,8,9753,194,13,12.0,18,Tristana,2,4,3,7810,150,27,1.25,497,Rakan,2,3,18,7120,14,64,6.666666666666667
KR_7960159332,1354,1,0,1,1,0,0,0,1,0,7,1,0,126,421,119,7,60,1,0,0,1,1,0,1,0,1,0,1,555,711,126,246,11,98,Shen,2,4,10,8200,153,11,3.0,200,Belveth,15,1,6,14055,34,18,21.0,61,Orianna,4,5,13,9354,150,26,3.4,21,MissFortune,4,4,10,9835,170,13,3.5,432.0,Bard,1.0,5.0,13.0,6611.0,18.0,60.0,2.8,122,Darius,3,6,2,8157,152,12,0.8333333333333334,517,Sylas,5,3,8,8671,5,19,4.333333333333333,238,Zed,8,6,5,10722,157,7,2.1666666666666665,523,Aphelios,3,6,2,8004,130,11,0.8333333333333334,902,Milio,0,5,9,5206,17,35,1.8
KR_7960124447,1300,1,1,1,0,1,1,0,2,0,3,0,1,143,126,421,266,904,0,0,0,0,0,0,0,0,1,0,0,112,143,78,43,245,2,Olaf,4,5,4,8045,131,12,1.6,11,MasterYi,13,2,7,12221,41,24,10.0,61,Orianna,2,3,8,8359,164,8,3.3333333333333335,804,Yunara,4,2,6,10523,169,11,5.0,142.0,Zoe,8.0,6.0,7.0,8426.0,37.0,48.0,2.5,84,Akali,3,6,3,7271,136,12,1.0,799,Ambessa,6,5,5,9346,18,22,2.2,268,Azir,4,6,3,9593,181,16,1.1666666666666667,18,Tristana,3,5,1,7828,152,14,0.8,518,Neeko,2,9,8,6785,21,42,1.1111111111111112
KR_7960100849,1666,0,0,0,0,0,1,0,1,0,1,0,1,7,61,904,421,9,1,1,1,1,0,1,2,1,7,1,0,30,39,78,11,114,897,KSante,2,7,6,8646,132,24,1.1428571428571428,200,Belveth,8,7,6,13460,29,31,2.0,112,Viktor,4,3,5,10413,212,22,3.0,119,Draven,2,6,3,11784,240,27,0.8333333333333334,201.0,Braum,0.0,8.0,11.0,6540.0,7.0,83.0,1.375,240,Kled,9,3,6,13412,182,14,5.0,143,Zyra,9,2,12,13591,16,35,10.5,266,Aatrox,3,4,8,9996,169,20,2.75,523,Aphelios,7,2,11,15253,218,11,9.0,80,Pantheon,3,5,12,9024,42,84,3.0
KR_7960035157,1320,0,0,0,0,0,1,0,0,0,0,0,1,9,7,11,-1,904,1,1,0,1,0,0,3,0,4,0,0,11,799,60,30,246,68,Rumble,1,7,2,7325,167,17,0.42857142857142855,126,Jayce,5,9,3,10630,20,23,0.8888888888888888,893,Aurora,7,4,2,8962,157,15,2.25,804,Yunara,1,1,1,8706,195,14,2.0,78.0,Poppy,1.0,5.0,7.0,5532.0,14.0,56.0,1.6,14,Sion,5,2,2,8891,177,12,3.5,200,Belveth,13,0,4,13897,54,21,17.0,61,Orianna,4,5,6,7949,133,15,2.0,42,Corki,1,2,7,9665,191,12,4.0,555,Pyke,3,6,12,7281,16,69,2.5
KR_7959992968,1582,0,0,0,0,0,0,0,0,0,1,0,0,246,60,266,7,166,1,1,1,1,1,1,3,1,11,3,1,9,800,904,246,555,799,Ambessa,2,9,1,8390,155,25,0.3333333333333333,11,MasterYi,2,7,4,9739,57,23,0.8571428571428571,113,Sejuani,3,9,5,9683,174,16,0.8888888888888888,145,Kaisa,8,4,4,13833,236,15,3.0,518.0,Neeko,1.0,7.0,7.0,6678.0,30.0,77.0,1.1428571428571428,58,Renekton,4,2,8,13570,230,13,6.0,517,Sylas,19,2,6,18970,30,29,12.5,126,Jayce,9,4,15,15187,214,32,6.0,81,Ezreal,3,3,12,11593,189,21,5.0,89,Leona,1,5,16,7877,25,84,3.4
KR_7960075572,2034,1,0,0,1,0,1,1,1,1,8,1,1,35,266,58,76,23,1,1,0,1,0,0,3,0,6,0,0,126,800,110,518,64,799,Ambessa,6,6,9,13930,217,20,2.5,11,MasterYi,15,11,10,19562,71,33,2.272727272727273,61,Orianna,5,6,17,13858,235,21,3.6666666666666665,45,Veigar,10,8,16,15896,200,25,3.25,142.0,Zoe,4.0,13.0,22.0,11598.0,40.0,86.0,2.0,904,Zaahen,12,4,6,18403,280,14,4.5,200,Belveth,10,8,12,14872,52,32,2.75,517,Sylas,8,9,7,12900,187,27,1.6666666666666667,27,Singed,8,11,20,14932,230,8,2.5454545454545454,555,Pyke,6,8,17,11682,31,114,2.875
KR_7960054783,1206,1,0,1,0,0,1,0,2,0,5,0,1,35,114,83,61,555,1,0,0,1,0,0,1,0,0,0,0,246,799,555,107,266,897,KSante,4,2,8,8823,140,11,6.0,64,LeeSin,9,2,7,11575,24,21,8.0,142,Zoe,1,1,3,7560,175,21,4.0,115,Ziggs,4,1,5,9549,191,15,9.0,57.0,Maokai,4.0,2.0,7.0,6302.0,27.0,49.0,5.5,904,Zaahen,2,6,3,6191,116,21,0.8333333333333334,11,MasterYi,3,5,1,8042,25,14,0.8,268,Azir,0,3,1,6483,179,8,0.3333333333333333,804,Yunara,2,2,1,8707,176,17,1.5,89,Leona,1,6,2,4776,23,42,0.5
KR_7959766737,1799,0,0,0,0,1,1,0,1,0,4,0,1,266,904,58,246,126,1,1,1,0,0,1,3,1,10,1,0,122,-1,119,11,904,68,Rumble,2,9,4,11875,195,23,0.6666666666666666,200,Belveth,5,7,3,11877,41,37,1.1428571428571428,92,Riven,3,6,0,11304,225,12,0.5,804,Yunara,5,6,3,15044,265,24,1.3333333333333333,34.0,Anivia,2.0,4.0,12.0,8078.0,40.0,99.0,3.5,516,Ornn,2,1,13,13690,233,22,15.0,799,Ambessa,10,3,8,14553,23,27,6.0,61,Orianna,5,2,9,14978,293,24,7.0,145,Kaisa,12,3,7,16354,237,11,6.333333333333333,518,Neeko,3,8,10,8980,28,105,1.625
KR_7959677855,1522,1,0,1,1,0,0,0,1,0,10,1,0,904,68,-1,166,11,1,0,0,1,1,0,2,0,0,0,1,-1,246,166,24,266,58,Renekton,9,6,6,11174,144,23,2.5,126,Jayce,10,3,13,15125,22,24,7.666666666666667,113,Sejuani,5,4,14,10390,146,19,4.75,804,Yunara,17,2,15,16064,225,13,16.0,78.0,Poppy,6.0,5.0,26.0,9596.0,16.0,64.0,6.4,799,Ambessa,2,12,9,8041,143,13,0.9166666666666666,200,Belveth,4,9,13,10344,17,23,1.8888888888888888,268,Azir,2,11,7,9634,174,11,0.8181818181818182,236,Lucian,11,9,7,13586,158,15,2.0,201,Braum,1,6,17,7164,19,64,3.0
KR_7959950566,2252,0,1,1,0,1,1,0,4,0,6,1,1,246,266,24,112,904,0,0,1,0,0,1,1,2,10,2,0,200,246,11,61,30,23,Tryndamere,4,8,7,14623,238,43,1.375,234,Viego,7,5,4,15168,40,37,2.2,115,Ziggs,4,6,8,16092,302,30,2.0,236,Lucian,2,5,4,15024,293,48,1.2,201.0,Braum,3.0,10.0,7.0,10474.0,25.0,124.0,1.0,54,Malphite,7,2,12,17071,256,35,9.5,126,Jayce,8,6,14,19826,43,55,3.6666666666666665,163,Taliyah,6,5,11,17551,267,23,3.4,81,Ezreal,10,3,12,19807,316,28,7.333333333333333,555,Pyke,3,4,14,11842,45,170,4.25
KR_7958116684,1721,0,1,0,0,1,1,0,1,0,0,0,1,246,84,142,2,30,0,1,1,0,0,1,2,1,9,1,0,800,266,-1,804,-1,799,Ambessa,2,5,6,9383,186,30,1.6,126,Jayce,9,6,7,13333,21,56,2.6666666666666665,61,Orianna,6,5,11,12166,220,22,3.4,145,Kaisa,11,6,8,13797,222,25,3.1666666666666665,89.0,Leona,1.0,9.0,17.0,7513.0,24.0,93.0,2.0,83,Yorick,6,1,12,14913,212,31,18.0,11,MasterYi,10,8,10,14052,27,26,2.5,134,Syndra,6,7,5,14017,226,20,1.5714285714285714,901,Smolder,7,8,9,13410,247,16,2.0,34,Anivia,2,6,11,8232,31,89,2.1666666666666665
KR_7958053750,1145,1,1,1,0,1,1,0,1,0,5,0,1,799,246,266,61,114,0,0,0,0,0,0,1,0,1,0,0,246,800,166,107,7,150,Gnar,2,4,1,6848,134,15,0.75,11,MasterYi,7,1,2,11510,38,20,9.0,103,Ahri,3,1,1,6740,126,6,4.0,145,Kaisa,4,0,1,9335,176,18,5.0,201.0,Braum,2.0,3.0,7.0,5927.0,14.0,39.0,3.0,904,Zaahen,2,3,2,6747,140,16,1.3333333333333333,126,Jayce,3,3,3,7501,13,17,2.0,13,Ryze,1,4,2,7384,179,16,0.75,804,Yunara,3,5,0,7913,156,10,0.6,497,Rakan,0,3,4,4458,11,39,1.3333333333333333
KR_7958941017,1769,0,0,0,0,0,0,0,1,0,4,0,0,246,44,555,61,266,1,1,1,1,1,1,3,1,10,2,1,61,10,80,143,11,68,Rumble,3,9,5,12415,190,12,0.8888888888888888,104,Graves,2,11,2,11016,44,35,0.36363636363636365,38,Kassadin,4,5,4,12539,202,14,1.6,145,Kaisa,5,6,6,15446,240,25,1.8333333333333333,164.0,Camille,3.0,9.0,5.0,9705.0,37.0,73.0,0.8888888888888888,904,Zaahen,11,3,10,16214,244,19,7.0,126,Jayce,8,6,9,15600,29,26,2.8333333333333335,142,Zoe,7,4,14,12047,152,26,5.25,800,Mel,11,1,4,14254,242,18,15.0,78,Poppy,3,3,20,9442,18,98,7.666666666666667
KR_7958888051,1166,0,0,0,0,0,0,0,0,0,0,0,0,-1,80,20,555,-1,1,1,0,1,1,0,1,0,4,0,1,246,-1,61,134,30,68,Rumble,2,1,1,7902,165,14,3.0,266,Aatrox,1,7,2,5918,3,17,0.42857142857142855,112,Viktor,1,4,1,6886,181,11,0.5,804,Yunara,3,4,1,8225,158,17,1.0,117.0,Lulu,0.0,6.0,5.0,4799.0,11.0,50.0,0.8333333333333334,126,Jayce,1,2,7,8397,174,16,4.0,143,Zyra,2,2,10,8772,29,16,6.0,166,Akshan,10,1,4,10645,169,10,14.0,21,MissFortune,6,2,6,8215,135,23,6.0,497,Rakan,3,0,17,6523,15,60,20.0
KR_7958822672,1545,1,1,1,1,1,1,0,3,0,8,1,1,202,61,246,266,799,0,0,0,0,0,0,1,0,4,0,0,523,80,122,61,246,24,Jax,6,4,10,13275,183,14,4.0,5,XinZhao,7,3,5,10942,17,42,4.0,43,Karma,9,4,11,12169,171,7,5.0,115,Ziggs,6,4,7,11738,204,14,3.25,497.0,Rakan,2.0,5.0,20.0,8286.0,28.0,94.0,4.4,897,KSante,3,8,4,9136,150,22,0.875,11,MasterYi,4,5,4,9944,24,28,1.6,10,Kayle,5,5,7,11815,218,13,2.4,15,Sivir,5,6,7,11122,208,23,2.0,432,Bard,3,7,9,7095,14,75,1.7142857142857142
KR_7958756655,1188,0,0,1,0,1,0,0,1,0,2,0,0,-1,120,127,134,61,1,0,0,0,1,0,1,0,6,0,1,-1,246,-1,517,80,904,Zaahen,2,7,1,6850,143,11,0.42857142857142855,266,Aatrox,3,6,3,8698,23,8,1.0,75,Nasus,1,4,0,5956,130,11,0.25,145,Kaisa,4,9,1,9206,151,15,0.5555555555555556,518.0,Neeko,0.0,6.0,1.0,4707.0,32.0,42.0,0.16666666666666666,24,Jax,2,3,4,6814,106,9,2.0,245,Ekko,8,1,7,10677,25,19,15.0,234,Viego,6,1,7,8977,166,15,13.0,222,Jinx,13,3,7,12600,183,23,6.666666666666667,117,Lulu,2,2,20,7146,14,51,11.0
KR_7958578411,1325,1,1,1,0,1,1,0,2,0,4,0,1,555,126,246,112,85,0,0,0,0,0,0,0,0,1,0,0,61,799,-1,904,246,122,Darius,5,0,3,10172,213,14,8.0,266,Aatrox,5,3,10,9947,10,8,5.0,800,Mel,6,5,5,9756,177,14,2.2,145,Kaisa,17,2,5,13912,180,26,11.0,12.0,Alistar,1.0,7.0,18.0,6718.0,7.0,44.0,2.7142857142857144,58,Renekton,3,4,1,9135,177,12,1.0,11,MasterYi,6,7,2,8517,16,21,1.1428571428571428,103,Ahri,2,5,4,8853,183,13,1.2,81,Ezreal,5,10,2,8407,149,12,0.7,3,Galio,1,9,10,6184,22,58,1.2222222222222223
KR_7949698470,1099,0,0,0,0,0,1,0,0,0,0,0,1,145,76,-1,904,166,1,1,0,1,0,0,1,0,3,0,0,80,114,-1,-1,10,893,Aurora,0,4,2,5792,136,10,0.5,64,LeeSin,10,6,1,10057,25,27,1.8333333333333333,126,Jayce,1,4,1,6514,155,13,0.5,800,Mel,2,7,2,6610,118,11,0.5714285714285714,432.0,Bard,0.0,4.0,5.0,4664.0,24.0,52.0,1.25,68,Rumble,5,4,3,8355,136,13,2.0,246,Qiyana,5,3,5,9044,13,16,3.3333333333333335,61,Orianna,5,1,3,8976,187,22,8.0,81,Ezreal,5,1,4,9181,162,17,9.0,555,Pyke,5,4,5,6128,21,58,2.5
KR_7949610810,1276,1,0,1,0,0,1,0,0,0,6,0,1,266,61,555,799,246,1,0,0,1,0,0,1,0,0,0,0,78,904,555,266,246,58,Renekton,5,4,6,11088,194,11,2.75,30,Karthus,7,4,7,11494,21,21,3.5,166,Akshan,14,0,9,13691,184,19,23.0,202,Jhin,6,3,5,9899,163,12,3.6666666666666665,432.0,Bard,1.0,5.0,19.0,7152.0,28.0,76.0,4.0,516,Ornn,1,5,3,6837,159,14,0.8,9,FiddleSticks,4,10,3,6988,10,21,0.7,126,Jayce,5,5,2,9318,188,21,1.4,15,Sivir,3,6,2,7614,167,9,0.8333333333333334,526,Rell,3,7,6,5764,16,70,1.2857142857142858
KR_7958706289,1609,0,1,1,0,0,1,0,0,0,4,0,1,69,126,-1,85,80,0,0,1,1,0,1,3,1,8,1,0,107,78,-1,804,246,122,Darius,3,7,1,8594,170,13,0.5714285714285714,48,Trundle,1,6,6,8543,12,25,1.1666666666666667,61,Orianna,5,4,2,11120,199,27,1.75,221,Zeri,6,4,1,12826,261,24,1.75,117.0,Lulu,0.0,8.0,8.0,6689.0,11.0,75.0,1.0,904,Zaahen,2,3,8,12656,219,20,3.3333333333333335,266,Aatrox,7,1,11,12629,21,33,18.0,134,Syndra,7,5,8,13237,214,25,3.0,145,Kaisa,10,1,7,14719,245,28,17.0,518,Neeko,3,5,12,8188,30,85,3.0
KR_7949338739,1071,0,1,0,0,0,0,0,0,0,0,0,0,555,80,904,-1,-1,0,1,0,1,1,0,1,0,3,0,1,114,61,-1,-1,246,41,Gangplank,2,1,4,7331,142,9,6.0,76,Nidalee,5,4,4,8397,15,25,2.25,13,Ryze,4,4,3,7254,144,21,1.75,804,Yunara,2,8,1,6668,137,12,0.375,117.0,Lulu,0.0,4.0,6.0,4334.0,16.0,43.0,1.5,799,Ambessa,1,2,0,7106,161,10,0.5,266,Aatrox,6,3,4,8070,9,18,3.3333333333333335,90,Malzahar,2,4,4,7725,147,16,1.5,42,Corki,10,3,5,10180,148,20,5.0,147,Seraphine,2,1,12,5933,18,41,14.0
KR_7949180800,1565,0,0,0,0,0,1,0,1,0,5,0,1,11,61,122,555,246,1,1,1,1,0,0,3,0,6,1,0,27,22,107,80,61,421,RekSai,1,5,7,9814,202,16,1.6,266,Aatrox,5,2,10,12279,9,31,7.5,517,Sylas,8,3,5,12350,187,15,4.333333333333333,804,Yunara,6,6,5,12733,196,10,1.8333333333333333,117.0,Lulu,3.0,6.0,13.0,7379.0,33.0,87.0,2.6666666666666665,887,Gwen,1,5,7,9649,218,19,1.6,234,Viego,5,6,9,11037,5,15,2.3333333333333335,127,Lissandra,4,3,10,12569,220,29,4.666666666666667,51,Caitlyn,11,4,6,13562,188,15,4.25,518,Neeko,1,5,15,7316,17,80,3.2
KR_7949429377,1253,0,0,0,0,0,0,0,0,0,0,0,0,246,266,-1,112,61,1,1,0,1,1,0,2,0,4,0,1,126,904,61,64,80,14,Sion,1,5,1,7015,181,12,0.4,48,Trundle,2,5,3,7143,24,36,1.0,142,Zoe,2,6,3,6943,151,26,0.8333333333333334,804,Yunara,3,5,3,8685,158,13,1.2,78.0,Poppy,1.0,2.0,5.0,4963.0,21.0,52.0,3.0,92,Riven,4,0,5,9940,192,13,9.0,200,Belveth,12,0,5,11539,21,11,17.0,127,Lissandra,0,1,12,8278,168,25,12.0,21,MissFortune,6,4,4,9762,159,14,2.5,518,Neeko,1,4,11,5824,23,68,3.0
KR_7945371200,1539,0,0,1,0,1,0,0,2,0,3,0,0,246,555,904,799,69,1,0,1,0,1,1,1,1,8,2,1,517,61,122,246,-1,516,Ornn,4,6,4,9739,143,16,1.3333333333333333,266,Aatrox,2,7,2,9127,20,34,0.5714285714285714,893,Aurora,1,8,3,8808,203,22,0.5,804,Yunara,9,7,3,12490,204,24,1.7142857142857142,78.0,Poppy,1.0,8.0,8.0,7021.0,23.0,87.0,1.125,421,RekSai,20,3,8,16109,187,36,9.333333333333334,126,Jayce,7,2,17,11640,25,34,12.0,10,Kayle,3,1,10,11523,194,15,13.0,145,Kaisa,5,6,14,12431,185,21,3.1666666666666665,526,Rell,1,5,28,8412,18,83,5.8
KR_7941458976,944,1,0,1,0,0,0,0,0,0,2,0,0,246,64,78,-1,61,1,0,0,1,0,0,1,0,1,0,0,166,157,80,804,122,904,Zaahen,4,2,5,7348,131,9,4.5,11,MasterYi,6,3,2,7241,1,10,2.6666666666666665,517,Sylas,6,0,4,7207,123,6,10.0,81,Ezreal,2,4,5,6838,121,9,1.75,89.0,Leona,0.0,5.0,8.0,4276.0,18.0,36.0,1.6,126,Jayce,1,5,0,4845,102,11,0.2,200,Belveth,6,3,2,7120,2,9,2.6666666666666665,4,TwistedFate,0,2,7,5896,119,17,3.5,110,Varus,5,4,2,6150,115,6,1.75,3,Galio,2,4,8,4767,19,30,2.5
KR_7944774211,1274,1,0,1,0,1,1,0,2,0,4,0,1,68,236,64,246,555,1,0,0,0,0,0,0,0,2,0,0,23,80,904,246,119,14,Sion,0,9,6,5951,109,12,0.6666666666666666,143,Zyra,8,1,13,10974,18,17,21.0,777,Yone,6,4,5,9665,169,17,2.75,21,MissFortune,15,3,6,13241,187,17,7.0,89.0,Leona,3.0,2.0,20.0,7770.0,21.0,65.0,11.5,126,Jayce,6,4,3,8905,159,13,2.25,266,Aatrox,5,8,5,9118,10,21,1.25,55,Katarina,6,5,2,9442,143,9,1.6,115,Ziggs,2,9,3,7548,160,23,0.5555555555555556,3,Galio,0,7,5,4774,26,42,0.7142857142857143
KR_7944972215,980,1,1,1,0,1,0,0,1,0,2,0,0,111,7,555,126,55,0,0,0,0,1,0,0,0,0,0,1,80,-1,-1,246,20,24,Jax,5,0,3,6713,115,7,8.0,517,Sylas,11,1,3,8965,9,19,14.0,61,Orianna,3,2,6,6988,132,14,4.5,901,Smolder,5,2,3,6538,114,12,4.0,72.0,Skarner,2.0,4.0,9.0,4591.0,6.0,29.0,2.75,887,Gwen,0,6,0,4964,105,9,0.0,799,Ambessa,2,6,2,5885,11,13,0.6666666666666666,166,Akshan,2,4,3,5750,103,11,1.25,22,Ashe,5,3,2,7548,129,20,2.3333333333333335,147,Seraphine,0,7,4,4068,15,30,0.5714285714285714
KR_7944870337,1725,0,0,0,0,0,1,0,2,0,4,0,1,-1,893,-1,555,126,1,1,1,1,0,1,2,1,9,1,0,246,804,518,555,60,122,Darius,3,7,7,9485,168,27,1.4285714285714286,266,Aatrox,15,7,15,17426,44,28,4.285714285714286,517,Sylas,16,9,6,14190,169,12,2.4444444444444446,22,Ashe,3,9,9,10993,199,24,1.3333333333333333,147.0,Seraphine,3.0,13.0,18.0,9010.0,14.0,80.0,1.6153846153846154,85,Kennen,2,6,7,10900,208,30,1.5,20,Nunu,10,9,19,12948,40,26,3.2222222222222223,904,Zaahen,9,10,17,15223,196,15,2.6,21,MissFortune,22,7,10,18918,205,29,4.571428571428571,526,Rell,2,8,34,9764,23,82,4.5
KR_7941293537,1254,1,1,1,0,1,1,0,2,0,3,0,1,904,236,266,80,-1,0,0,0,0,0,0,0,0,2,0,0,799,11,122,134,246,98,Shen,3,3,6,7319,143,10,3.0,59,JarvanIV,5,0,10,9304,9,25,15.0,142,Zoe,3,1,4,8288,166,25,7.0,21,MissFortune,9,4,4,10105,142,9,3.25,518.0,Neeko,1.0,1.0,16.0,6349.0,23.0,52.0,17.0,887,Gwen,3,3,0,9502,180,13,1.0,14,Sion,3,4,1,7588,17,21,1.0,166,Akshan,1,4,4,8086,169,12,1.25,523,Aphelios,1,6,1,6135,134,19,0.3333333333333333,7,Leblanc,1,4,5,5577,17,57,1.5
KR_7941252989,122,0,0,0,0,0,0,0,0,0,0,0,0,517,80,246,114,61,0,0,0,0,0,0,0,0,0,0,0,142,518,246,19,81,79,Gragas,0,0,0,572,1,0,0.0,120,Hecarim,0,0,0,636,0,1,0.0,800,Mel,0,0,0,637,5,0,0.0,18,Tristana,0,0,0,546,0,0,0.0,,,,,,,,,,150,Gnar,0,0,0,623,4,0,0.0,266,Aatrox,0,0,0,651,0,1,0.0,84,Akali,0,0,0,637,5,0,0.0,804,Yunara,0,0,0,623,4,0,0.0,555,Pyke,0,0,0,575,0,0,0.0
KR_7941379542,1317,1,0,1,1,0,1,0,1,0,11,3,1,246,80,61,904,78,1,0,0,1,0,0,1,0,1,0,0,904,246,555,68,-1,58,Renekton,6,5,4,10448,200,9,2.0,76,Nidalee,9,1,10,12080,9,20,19.0,23,Tryndamere,4,2,8,10188,182,17,6.0,804,Yunara,10,3,11,13434,198,14,7.0,117.0,Lulu,0.0,3.0,24.0,7624.0,18.0,54.0,8.0,421,RekSai,2,5,6,8310,147,11,1.6,799,Ambessa,1,6,7,7607,12,18,1.3333333333333333,163,Taliyah,2,4,6,9041,216,15,2.0,800,Mel,8,7,3,13195,181,9,1.5714285714285714,432,Bard,1,7,9,5895,27,56,1.4285714285714286
